sep=,
" 
# Start time: 21.01.2020 17:29:16
# Duration: 00:00:14.1528763
"
Time Offset [ms],Speed M1,Voltage M1,Current M1
1.5,0,0.028,0
6.5,0,0.038,0
11.5,0,0.028,0
16.5,0,0.018,0
21.5,0,0.028,0
26.5,0,0.028,0
38.6,0,0.028,0
38.8,0,0.028,0
41.5,0,0.028,0
46.5,0,0.018,0
51.5,0,0.038,0
56.5,0,0.038,0
61.5,0,0.028,0
66.6,0,0.018,0
71.5,0,0.018,0
76.5,0,0.028,0
81.5,0,0.028,0
86.6,0,0.028,0
91.5,0,0.086,0
96.5,0,-0.028,0
101.5,0,-0.028,0
106.5,0,-0.018,0
111.5,0,-0.028,0
116.4,0,-0.028,0
121.5,0,-0.028,0
126.5,0,-0.018,0
131.5,0,-0.018,0
136.5,0,-0.018,0
141.4,0,-0.028,0
146.5,0,-0.028,0
151.5,0,-0.018,0
156.5,0,-0.028,0
161.4,0,-0.028,0
166.5,0,-0.028,0
171.5,0,-0.018,0
176.5,0,-0.008,0
181.5,0,-0.018,0.76
186.4,0,-0.028,0.76
191.5,0,-0.028,0.76
196.5,0,-0.028,0.76
201.5,0,-0.018,0.76
210.4,0,-0.028,0.66
211.4,0,-0.028,0.09
216.4,0,-0.028,0
221.5,0,-0.018,-0.19
226.5,0,-0.038,0.19
231.5,0,-0.018,-0.28
236.4,0,-0.018,-0.28
241.4,0,-0.018,-0.19
246.4,0,-0.038,0.28
251.4,0,-0.046,-0.28
256.6,0,-0.018,-0.19
261.5,0,-0.028,-0.28
266.5,0,-0.028,0.19
271.5,0,0,-0.38
276.5,0,-0.028,0
281.4,0,-0.028,-0.09
286.6,0,-0.028,0
291.5,0,-0.018,-0.28
296.4,0,-0.018,0
301.5,0,-0.018,-0.47
306.4,0,-0.018,0
311.4,0,-0.018,-0.38
316.4,0,-0.028,0
321.5,0,-0.038,-0.47
326.4,0,-0.028,0
331.4,0,-0.038,-0.38
336.4,0,-0.018,-0.09
341.4,0,-0.018,-0.19
346.3,0,-0.028,0
351.4,0,-0.008,-0.09
356.4,0,-0.038,-0.28
361.4,0,0.028,-0.19
366.4,0,0.2,0.57
371.4,0,0.19,0.66
376.4,0,0.258,1.14
381.3,0,0.266,0.85
386.3,0,0.314,1.52
391.4,0.001,0.344,1.33
396.4,0.002,0.4,1.8
401.3,0.002,0.42,1.33
406.4,0.003,0.486,2.09
411.4,0.004,0.572,1.71
416.3,0.006,0.392,1.14
421.4,0.007,0.392,0.38
426.3,0.008,0.42,0.76
431.4,0.009,0.438,0.47
436.3,0.01,0.468,0.57
441.3,0.011,0.506,0.38
446.3,0.011,0.372,-0.19
451.4,0.012,0.516,0.09
456.3,0.013,0.42,0.19
461.4,0.014,0.4,-0.38
466.4,0.014,0.41,0
471.3,0.015,0.42,-0.47
476.3,0.015,0.468,0
481.3,0.016,0.486,-0.28
486.4,0.016,0.526,-0.09
491.3,0.017,0.296,-1.42
496.3,0.017,0.506,-0.47
501.3,0.018,0.324,-1.71
506.3,0.018,0.526,-0.19
511.4,0.018,0.352,-1.14
516.4,0.018,0.334,-1.23
521.3,0.019,0.324,-1.71
526.3,0.019,0.314,-1.52
531.4,0.019,0.286,-1.9
536.3,0.019,0.258,-1.23
541.3,0.019,0.238,-1.8
546.4,0.018,0.248,-1.71
551.4,0.018,0.21,-1.8
556.4,0.018,0.218,-1.99
561.3,0.017,0.19,-1.99
566.3,0.017,0.238,-1.71
571.3,0.017,0.266,-2.18
576.6,0.016,0.286,-1.61
581.3,0.016,0.276,-1.61
586.3,0.016,0.324,-1.33
591.4,0.016,0.372,-1.52
596.3,0.016,0.438,-1.33
601.3,0.016,0.468,-1.33
606.2,0.016,0.296,-1.9
611.3,0.017,0.438,-2.37
616.3,0.017,0.582,-1.23
621.3,0.018,0.42,-1.99
626.3,0.018,0.42,-1.9
631.3,0.019,0.438,-2.75
636.7,0.019,0.506,-2.28
641.3,0.02,0.506,-1.99
646.2,0.021,0.554,-1.71
651.3,0.021,0.602,-1.99
656.4,0.022,0.392,-2.75
661.3,0.023,0.554,-1.9
666.3,0.023,0.678,-1.23
671.3,0.024,0.726,-1.23
676.2,0.025,0.792,-0.76
681.3,0.025,0.62,-2.18
686.2,0.026,0.612,-2.18
691.2,0.027,0.84,-1.04
696.3,0.028,0.726,-1.23
701.2,0.029,0.572,-2.75
706.2,0.029,0.468,-2.94
711.2,0.03,0.698,-2.47
716.2,0.031,0.764,-1.33
721.3,0.031,0.792,-1.14
726.2,0.032,0.878,-0.85
731.2,0.032,0.926,-1.14
736.2,0.033,0.974,-0.57
741.2,0.033,1.032,-1.14
746.2,0.034,1.118,-0.57
751.2,0.035,0.956,-1.61
756.3,0.036,0.984,-1.61
761.3,0.038,0.86,-2.18
766.2,0.039,0.726,-3.13
771.2,0.04,0.946,-2.28
776.3,0.04,1.06,-1.23
781.3,0.041,1.118,-1.42
786.4,0.042,1.166,-0.95
791.2,0.042,1.232,-1.33
796.2,0.043,1.08,-1.52
801.2,0.044,1.272,-1.33
806.7,0.045,1.146,-1.61
811.2,0.046,1.146,-2.37
816.2,0.047,1.194,-1.61
821.2,0.048,1.214,-1.8
826.3,0.049,1.28,-1.23
831.2,0.05,1.09,-2.56
836.2,0.051,1.31,-1.23
841.2,0.052,1.194,-2.18
846.2,0.052,1.214,-2.37
851.2,0.053,1.204,-2.94
856.3,0.054,1.272,-2.56
861.2,0.054,1.318,-2.56
866.2,0.055,1.586,-0.85
871.2,0.056,1.262,-3.61
876.2,0.057,1.444,-2.37
881.2,0.058,1.492,-2.56
886.2,0.059,1.596,-1.8
891.2,0.06,1.434,-2.28
896.2,0.061,1.424,-3.23
901.2,0.062,1.424,-2.47
906.2,0.063,1.51,-2.66
911.1,0.064,1.53,-3.13
916.1,0.065,1.596,-2.18
921.2,0.066,1.376,-3.51
926.2,0.067,1.624,-2.47
931.2,0.068,1.712,-2.09
936.3,0.069,1.548,-4.18
941.1,0.07,1.492,-4.37
946.2,0.07,1.578,-4.56
951.1,0.071,1.596,-4.18
956.4,0.072,1.634,-4.18
961.2,0.073,1.452,-4.94
966.2,0.074,1.96,-2.37
971.1,0.075,1.95,-2.18
976.2,0.076,1.912,-2.56
981.1,0.077,1.712,-4.75
986.1,0.078,1.95,-3.89
991.1,0.079,1.28,-8.17
996.1,0.081,1.634,-6.75
1001.1,0.082,1.578,-6.18
1006.1,0.083,1.51,-6.08
1011.1,0.083,1.74,-5.7
1016.2,0.084,1.616,-5.51
1021.2,0.084,1.864,-4.85
1026.1,0.085,1.988,-4.46
1031.2,0.085,2.064,-4.37
1036.1,0.086,2.16,-3.61
1041.1,0.087,1.702,-7.12
1046.1,0.088,1.634,-8.17
1051.1,0.089,1.606,-8.65
1056.1,0.09,1.664,-7.79
1061.2,0.091,1.836,-7.22
1066.1,0.092,2.018,-4.84
1071.1,0.092,1.864,-6.37
1076.1,0.093,2.112,-4.75
1081.1,0.093,1.988,-6.37
1086.2,0.094,2.026,-7.22
1091.1,0.095,2.026,-7.22
1096.1,0.096,1.854,-7.98
1101.1,0.097,1.778,-9.03
1106.2,0.098,2.084,-7.6
1111.1,0.099,1.96,-7.41
1116.1,0.1,1.96,-7.41
1121.1,0.1,1.96,-7.79
1126.1,0.101,2.036,-7.51
1131.1,0.102,2.074,-7.89
1136.0,0.102,2.152,-6.94
1141.0,0.103,2.19,-6.93
1146.1,0.104,2.026,-8.07
1151.1,0.105,2.142,-8.08
1156.2,0.106,2.352,-6.56
1161.0,0.106,2.208,-7.32
1166.0,0.107,1.96,-8.83
1171.0,0.108,2.152,-8.65
1176.1,0.109,2.276,-7.5
1181.0,0.11,2.314,-7.32
1186.1,0.111,2.39,-6.55
1191.0,0.112,2.448,-6.37
1196.1,0.113,2.544,-6.08
1201.1,0.114,2.6,-5.7
1206.0,0.115,2.466,-6.46
1211.1,0.116,2.428,-8.08
1216.0,0.118,2.504,-7.32
1221.0,0.119,2.544,-6.65
1226.0,0.12,2.38,-7.89
1231.0,0.122,2.6,-6.08
1236.1,0.123,2.496,-7.51
1241.1,0.124,2.716,-6.65
1246.0,0.124,2.878,-5.8
1251.0,0.125,2.696,-7.03
1256.2,0.126,2.984,-6.56
1261.0,0.128,2.658,-8.08
1266.0,0.129,2.792,-7.6
1271.0,0.131,2.858,-6.56
1276.0,0.133,2.974,-5.8
1281.0,0.134,2.792,-7.32
1286.0,0.135,3.06,-6.56
1291.1,0.137,2.638,-9.12
1296.0,0.138,2.858,-7.89
1301.0,0.139,2.772,-8.17
1306.0,0.14,2.706,-8.93
1311.0,0.141,2.954,-8.08
1316.0,0.141,3.136,-6.56
1321.2,0.142,2.898,-8.84
1326.0,0.143,3.194,-7.79
1331.0,0.144,3.136,-7.51
1336.0,0.146,3.088,-7.7
1341.0,0.147,2.868,-9.51
1346.0,0.149,3.108,-8.84
1350.9,0.15,2.954,-9.6
1356.0,0.151,3.222,-8.74
1361.0,0.152,3.194,-8.84
1366.0,0.153,3.118,-8.84
1371.0,0.154,3.126,-9.22
1376.0,0.155,3.222,-9.22
1381.0,0.157,2.992,-10.64
1386.0,0.158,3.26,-9.89
1391.0,0.158,3.338,-8.37
1395.9,0.159,3.442,-6.93
1401.0,0.16,3.222,-8.84
1406.1,0.161,3.528,-7.42
1410.9,0.162,3.366,-8.74
1415.9,0.163,3.394,-9.03
1421.0,0.164,3.414,-8.84
1426.0,0.165,3.5,-8.36
1430.9,0.166,3.27,-9.89
1435.9,0.167,3.796,-6.94
1440.9,0.168,3.452,-7.89
1445.9,0.169,3.682,-7.7
1450.9,0.171,3.614,-7.7
1456.0,0.172,3.596,-8.36
1460.9,0.173,3.604,-8.65
1465.9,0.174,3.92,-6.65
1470.9,0.175,3.806,-7.98
1475.9,0.176,3.604,-9.32
1480.9,0.178,3.404,-11.03
1485.9,0.179,3.28,-12.74
1490.9,0.18,3.768,-9.89
1495.9,0.18,3.978,-6.94
1501.0,0.18,3.806,-7.99
1506.0,0.181,4.102,-6.74
1510.9,0.182,4.016,-7.03
1515.9,0.184,4.016,-8.65
1520.9,0.185,4.036,-8.36
1526.0,0.187,3.844,-9.98
1530.9,0.189,3.806,-10.07
1536.0,0.191,3.854,-10.07
1540.9,0.192,3.882,-9.41
1545.9,0.192,3.968,-9.03
1550.9,0.193,4.236,-6.94
1556.1,0.193,4.17,-6.94
1560.9,0.194,4.398,-5.99
1565.9,0.195,4.342,-6.37
1570.9,0.196,4.342,-7.51
1575.9,0.197,4.408,-7.7
1580.9,0.199,4.246,-8.65
1585.8,0.201,4.236,-9.31
1590.9,0.203,4.006,-10.65
1595.9,0.204,4.466,-7.42
1600.8,0.205,4.638,-5.61
1605.8,0.205,4.782,-4.28
1611.0,0.207,4.638,-6.08
1615.9,0.208,4.648,-7.51
1620.9,0.21,4.704,-7.6
1625.9,0.212,4.542,-8.46
1630.9,0.214,4.494,-9.32
1635.8,0.215,4.552,-9.88
1640.9,0.216,4.36,-9.98
1645.8,0.217,4.58,-8.74
1650.8,0.218,4.638,-7.03
1655.9,0.218,4.744,-6.46
1660.9,0.218,4.762,-6.65
1665.8,0.218,4.876,-7.13
1670.8,0.219,4.944,-7.22
1675.8,0.22,4.552,-10.36
1680.8,0.222,4.656,-10.84
1686.0,0.224,4.772,-9.41
1690.8,0.225,4.82,-8.46
1695.8,0.226,4.876,-7.23
1700.8,0.227,4.954,-6.74
1706.0,0.228,5.03,-7.13
1710.8,0.228,5.068,-6.94
1715.8,0.229,5.164,-6.75
1720.8,0.23,5.202,-6.37
1725.8,0.232,5.288,-6.66
1730.8,0.234,4.876,-9.22
1735.9,0.236,5.002,-8.46
1740.8,0.237,5.058,-7.6
1745.8,0.238,5.154,-7.12
1751.0,0.238,5.336,-6.46
1755.9,0.238,5.642,-5.32
1760.8,0.239,5.24,-7.6
1765.9,0.241,5.404,-8.18
1770.8,0.243,5.27,-8.84
1775.8,0.245,5.27,-8.85
1780.8,0.246,5.278,-7.8
1785.8,0.247,5.316,-7.8
1790.8,0.248,5.374,-7.6
1795.8,0.249,5.432,-7.8
1800.8,0.249,5.23,-9.12
1805.8,0.25,5.47,-8.18
1810.8,0.25,5.422,-8.27
1815.8,0.251,5.336,-9.6
1820.8,0.252,5.316,-9.13
1825.8,0.253,5.614,-7.6
1830.8,0.254,5.49,-7.61
1835.9,0.254,5.498,-8.46
1840.8,0.255,5.518,-8.27
1845.7,0.255,5.576,-8.27
1850.7,0.256,5.614,-8.18
1855.9,0.257,5.432,-9.41
1860.7,0.258,5.604,-8.18
1865.8,0.259,5.518,-7.89
1870.8,0.26,5.49,-9.04
1875.8,0.26,5.546,-9.79
1880.8,0.261,5.566,-9.61
1885.7,0.261,5.632,-10.36
1890.8,0.262,5.652,-10.08
1895.8,0.263,5.498,-10.65
1900.7,0.264,5.432,-10.65
1905.8,0.265,5.46,-10.94
1910.7,0.266,5.71,-9.5
1915.7,0.266,5.834,-9.32
1920.7,0.266,5.93,-8.27
1925.7,0.267,5.766,-9.79
1930.7,0.269,5.71,-10.65
1935.7,0.27,5.748,-11.13
1940.7,0.272,5.528,-10.93
1945.8,0.273,5.748,-10.36
1950.7,0.273,5.842,-8.94
1955.7,0.273,5.91,-8.08
1960.7,0.273,5.938,-8.46
1965.7,0.273,6.034,-8.17
1970.7,0.274,6.082,-8.08
1975.8,0.275,5.92,-9.02
1980.7,0.276,6.102,-8.66
1985.8,0.278,5.958,-9.79
1990.8,0.279,5.938,-10.65
1995.7,0.28,5.976,-10.16
2000.7,0.281,6.024,-10.27
2005.8,0.282,5.814,-11.51
2010.7,0.283,5.976,-10.07
2015.7,0.283,6.102,-8.46
2020.7,0.283,6.15,-8.47
2025.7,0.284,6.254,-8.74
2030.7,0.284,6.274,-8.36
2035.7,0.285,6.14,-9.98
2040.7,0.286,6.082,-10.84
2045.7,0.288,6.11,-10.27
2050.7,0.289,6.244,-8.65
2055.9,0.289,6.494,-7.22
2060.7,0.29,6.378,-7.41
2065.7,0.291,6.598,-7.41
2070.7,0.292,6.474,-7.98
2075.8,0.293,6.502,-9.03
2080.7,0.295,6.37,-8.94
2085.6,0.296,6.236,-10.45
2090.7,0.297,6.464,-8.84
2095.7,0.298,6.618,-8.07
2100.6,0.298,6.416,-8.84
2105.7,0.299,6.666,-8.36
2110.7,0.3,6.502,-9.12
2115.7,0.301,6.206,-11.68
2120.7,0.302,6.378,-10.07
2125.6,0.303,6.484,-10.16
2130.6,0.303,6.532,-9.21
2135.7,0.303,6.618,-9.5
2140.7,0.303,6.416,-10.83
2145.6,0.304,6.618,-10.45
2150.6,0.305,6.474,-9.78
2155.8,0.306,6.676,-9.03
2160.7,0.306,6.57,-9.51
2165.6,0.307,6.79,-8.55
2170.6,0.308,6.742,-8.08
2175.6,0.308,6.676,-9.41
2180.6,0.309,6.896,-8.26
2185.6,0.31,6.8,-8.17
2190.6,0.311,6.762,-8.84
2195.6,0.312,6.838,-9.22
2200.6,0.313,6.838,-9.23
2205.7,0.314,6.934,-9.12
2210.6,0.315,6.704,-10.26
2215.6,0.316,6.694,-10.93
2220.6,0.317,6.666,-10.26
2225.7,0.317,6.684,-10.54
2230.6,0.317,6.828,-9.51
2235.6,0.317,7.086,-7.99
2240.6,0.317,6.924,-8.94
2245.6,0.318,6.904,-9.98
2250.5,0.319,6.924,-9.22
2255.6,0.32,6.982,-9.12
2260.6,0.321,6.99,-8.45
2265.5,0.321,7.028,-8.17
2270.5,0.322,7.076,-8.08
2275.6,0.323,7.134,-8.46
2280.6,0.323,6.962,-9.03
2285.7,0.324,7.172,-8.17
2290.6,0.325,7.248,-7.32
2295.5,0.325,7.134,-8.84
2300.5,0.326,7.288,-8.17
2305.8,0.327,7.192,-9.32
2310.5,0.328,7.172,-9.41
2315.5,0.33,7.192,-9.02
2320.5,0.331,7.21,-9.41
2325.5,0.332,7.306,-9.32
2330.6,0.332,7.076,-10.26
2335.5,0.333,7.258,-10.46
2340.5,0.334,7.344,-8.74
2345.5,0.334,7.412,-7.51
2350.6,0.335,7.45,-7.89
2355.7,0.336,7.556,-8.17
2360.6,0.337,7.364,-8.84
2365.5,0.338,7.564,-9.22
2370.5,0.339,7.422,-9.02
2375.6,0.341,7.162,-10.45
2380.5,0.342,7.182,-11.13
2385.5,0.342,7.412,-10.36
2390.6,0.342,7.44,-9.31
2395.5,0.342,7.536,-9.6
2400.5,0.342,7.306,-10.93
2405.5,0.343,7.508,-9.88
2410.5,0.344,7.584,-8.84
2415.5,0.344,7.68,-9.51
2420.5,0.345,7.468,-10.26
2425.5,0.347,7.45,-11.51
2430.6,0.348,7.192,-12.83
2435.9,0.348,7.382,-10.83
2440.5,0.348,7.422,-9.79
2445.5,0.348,7.468,-10.36
2450.5,0.347,7.488,-9.5
2455.7,0.347,7.814,-8.08
2460.5,0.347,7.508,-9.41
2465.5,0.348,7.564,-9.31
2470.5,0.348,7.602,-9.13
2475.4,0.349,7.698,-9.78
2480.5,0.35,7.508,-10.93
2485.5,0.351,7.736,-10.64
2490.5,0.351,7.546,-10.93
2495.5,0.352,7.516,-11.02
2500.5,0.353,7.526,-11.32
2505.4,0.354,7.556,-11.41
2510.5,0.354,7.564,-10.27
2515.5,0.354,7.612,-10.84
2520.6,0.354,7.354,-11.79
2525.5,0.354,7.546,-10.08
2530.4,0.354,7.736,-9.02
2535.4,0.354,7.976,-7.41
2540.4,0.353,7.832,-7.6
2545.5,0.354,7.574,-10.64
2550.5,0.355,7.966,-8.55
2555.4,0.356,7.688,-9.41
2560.4,0.356,7.718,-10.55
2565.4,0.357,7.938,-9.12
2570.4,0.358,7.736,-9.98
2575.4,0.359,7.718,-11.4
2580.4,0.359,7.688,-10.92
2585.6,0.36,7.728,-10.84
2590.5,0.36,7.736,-10.64
2595.4,0.36,7.776,-10.45
2600.5,0.36,7.804,-10.36
2605.9,0.36,7.862,-11.03
2610.5,0.361,7.852,-10.16
2615.4,0.361,7.88,-9.98
2620.4,0.362,7.89,-9.98
2625.4,0.363,7.938,-9.78
2630.4,0.364,7.746,-11.02
2635.5,0.364,7.908,-10.93
2640.4,0.364,8.004,-9.22
2645.4,0.365,7.852,-10.65
2650.4,0.365,7.794,-11.69
2655.6,0.366,7.804,-12.17
2660.4,0.366,8.052,-10.93
2665.4,0.367,7.908,-11.31
2670.6,0.367,7.89,-11.21
2675.4,0.368,7.918,-11.59
2680.3,0.369,7.918,-10.74
2685.3,0.369,7.976,-11.31
2690.8,0.369,8.004,-11.22
2695.4,0.37,7.776,-11.98
2700.4,0.37,7.928,-11.21
2705.3,0.37,8.034,-10.07
2710.4,0.37,8.062,-9.4
2715.3,0.37,8.12,-10.07
2720.4,0.371,8.388,-8.17
2725.4,0.371,8.042,-10.17
2730.3,0.372,8.176,-10.64
2735.5,0.374,8.282,-9.98
2740.4,0.375,8.09,-11.21
2745.4,0.376,8.024,-12.73
2750.3,0.377,8.014,-11.87
2755.5,0.378,8.052,-12.26
2760.5,0.378,8.052,-11.49
2765.4,0.378,8.1,-10.84
2770.3,0.378,8.1,-11.02
2775.3,0.378,8.11,-10.65
2780.3,0.378,8.128,-10.16
2785.3,0.377,8.426,-9.03
2790.4,0.377,8.302,-8.83
2795.5,0.378,8.53,-8.55
2800.3,0.379,8.522,-8.64
2805.3,0.38,8.416,-10.07
2810.4,0.382,8.176,-11.87
2815.3,0.383,8.368,-11.21
2820.3,0.384,8.196,-11.31
2825.3,0.385,8.158,-12.16
2830.3,0.385,8.32,-11.31
2835.3,0.385,8.512,-9.98
2840.3,0.385,8.32,-10.54
2845.4,0.385,8.54,-9.69
2850.3,0.386,8.608,-9.02
2855.3,0.386,8.454,-10.55
2860.4,0.388,8.406,-11.03
2865.3,0.389,8.406,-11.78
2870.4,0.389,8.426,-10.54
2875.3,0.39,8.694,-9.69
2880.4,0.39,8.588,-10.07
2885.5,0.391,8.568,-10.07
2890.4,0.392,8.77,-8.83
2895.3,0.393,8.732,-10.36
2900.4,0.394,8.464,-11.49
2905.4,0.395,8.406,-13.4
2910.3,0.396,8.388,-12.35
2915.3,0.397,8.396,-11.41
2920.2,0.397,8.56,-10.75
2925.2,0.396,8.712,-9.22
2930.3,0.396,8.798,-9.22
2935.3,0.396,8.598,-10.74
2940.3,0.396,8.808,-9.41
2945.3,0.397,8.664,-10.08
2950.2,0.398,8.626,-10.56
2955.4,0.399,8.654,-10.83
2960.3,0.399,8.874,-9.41
2965.3,0.4,8.798,-9.03
2970.2,0.401,8.75,-10.26
2975.3,0.401,8.78,-10.93
2980.2,0.402,8.798,-11.41
2985.3,0.403,8.846,-11.41
2990.3,0.404,8.874,-10.46
2995.2,0.405,8.684,-12.07
3000.3,0.406,8.836,-10.55
3005.2,0.407,8.664,-10.93
3010.3,0.407,8.616,-11.98
3015.2,0.407,8.636,-11.12
3020.3,0.406,8.866,-9.31
3025.2,0.406,8.99,-8.46
3030.2,0.405,9.276,-6.56
3035.3,0.405,9.2,-8.27
3040.2,0.406,8.942,-10.55
3045.2,0.408,8.856,-11.5
3050.3,0.409,8.636,-12.83
3055.4,0.411,8.808,-12.27
3060.2,0.411,8.874,-11.69
3065.3,0.411,8.694,-12.74
3070.2,0.411,8.76,-12.46
3075.3,0.411,8.904,-11.98
3080.2,0.411,8.932,-10.74
3085.3,0.41,8.97,-11.22
3090.3,0.411,8.98,-10.74
3095.2,0.411,8.788,-11.78
3100.2,0.412,8.884,-11.98
3105.2,0.412,9.028,-10.26
3110.2,0.413,8.846,-11.22
3115.2,0.413,9.276,-9.6
3120.1,0.413,8.97,-9.51
3125.2,0.413,9.114,-10.83
3130.2,0.414,9.048,-10.65
3135.2,0.415,8.97,-12.74
3140.2,0.416,8.712,-13.87
3145.2,0.417,8.846,-12.08
3150.2,0.417,8.904,-11.88
3155.2,0.416,9.182,-9.98
3160.3,0.416,9.152,-10.26
3165.2,0.416,9.056,-11.7
3170.2,0.417,9.268,-9.69
3175.2,0.418,9.162,-10.36
3180.1,0.419,9.104,-11.21
3185.3,0.42,8.874,-13.02
3190.3,0.42,8.798,-13.41
3195.1,0.42,9.008,-10.74
3200.1,0.42,9.094,-9.98
3205.3,0.419,9.172,-10.07
3210.2,0.418,9.43,-9.31
3215.1,0.418,9.334,-9.5
3220.2,0.419,9.152,-11.03
3225.1,0.42,9.008,-13.5
3230.2,0.422,8.97,-12.93
3235.2,0.423,8.98,-12.93
3240.2,0.423,8.962,-11.88
3245.2,0.423,9.238,-9.79
3250.1,0.422,9.468,-8.74
3255.2,0.422,9.688,-7.03
3260.2,0.422,9.574,-8.17
3265.1,0.423,9.286,-10.84
3270.1,0.425,9.22,-11.79
3275.1,0.427,9.238,-11.6
3280.1,0.428,9.248,-11.02
3285.1,0.428,9.258,-11.88
3290.2,0.429,9.286,-11.88
3295.1,0.429,9.314,-10.83
3300.1,0.429,9.324,-10.93
3305.1,0.429,9.344,-10.64
3310.1,0.429,9.382,-11.03
3315.2,0.43,9.392,-9.7
3320.2,0.43,9.182,-10.93
3325.1,0.43,9.344,-11.03
3330.1,0.43,9.402,-9.69
3335.2,0.43,9.228,-11.31
3340.1,0.43,9.362,-10.46
3345.1,0.429,9.268,-11.69
3350.1,0.429,9.448,-10.55
3355.3,0.43,9.564,-10.74
3360.1,0.43,9.592,-10.84
3365.1,0.431,9.402,-11.31
3370.1,0.433,9.334,-12.26
3375.1,0.434,9.324,-12.46
3380.1,0.434,9.324,-12.26
3385.1,0.435,9.354,-11.88
3390.1,0.435,9.334,-10.36
3395.1,0.434,9.354,-11.12
3400.1,0.434,9.516,-10.17
3405.1,0.433,9.716,-9.98
3410.2,0.433,9.774,-9.31
3415.0,0.434,9.63,-9.88
3420.1,0.436,9.582,-11.69
3425.1,0.437,9.574,-11.31
3430.2,0.438,9.592,-11.69
3435.0,0.44,9.64,-11.21
3440.1,0.441,9.382,-11.78
3445.2,0.441,9.296,-13.11
3450.2,0.441,9.534,-10.93
3455.0,0.441,9.63,-10.07
3460.1,0.44,9.65,-9.6
3465.1,0.44,9.688,-9.5
3470.0,0.44,9.716,-9.31
3475.0,0.44,9.754,-10.16
3480.1,0.44,9.802,-10.07
3485.2,0.441,9.574,-11.03
3490.2,0.442,9.534,-12.35
3495.1,0.443,9.506,-12.16
3500.0,0.444,9.774,-10.92
3505.2,0.444,9.43,-12.83
3510.3,0.444,9.478,-12.83
3515.1,0.444,9.544,-12.08
3520.1,0.444,9.544,-10.83
3525.0,0.443,9.534,-11.79
3530.1,0.443,9.574,-11.69
3535.1,0.442,9.574,-11.12
3540.0,0.442,9.602,-11.41
3545.1,0.442,9.602,-10.93
3550.0,0.442,9.622,-11.22
3555.1,0.442,9.66,-10.84
3560.0,0.443,9.66,-10.74
3565.0,0.443,9.688,-11.31
3570.0,0.443,9.488,-12.45
3575.1,0.444,9.63,-12.26
3580.2,0.444,9.534,-11.5
3585.5,0.444,9.43,-13.49
3590.1,0.444,9.64,-11.59
3595.0,0.444,9.468,-12.73
3600.5,0.444,9.678,-11.59
3605.0,0.444,9.544,-11.78
3610.0,0.444,9.602,-12.45
3615.0,0.444,9.716,-11.32
3620.0,0.444,9.592,-12.27
3625.1,0.445,9.764,-11.69
3629.9,0.446,9.602,-12.17
3635.0,0.446,9.574,-12.45
3640.0,0.447,9.564,-12.36
3645.0,0.447,9.554,-13.12
3649.9,0.447,9.574,-11.98
3655.2,0.447,9.85,-11.22
3660.0,0.446,9.678,-10.93
3665.0,0.447,9.86,-10.93
3669.9,0.447,9.65,-12.83
3675.0,0.448,9.392,-17.2
3680.0,0.449,9.564,-15.69
3685.0,0.45,9.66,-14.54
3690.1,0.451,9.928,-12.65
3694.9,0.452,9.774,-12.55
3699.9,0.453,9.746,-13.69
3705.0,0.454,9.774,-11.5
3710.1,0.454,9.984,-10.46
3714.9,0.454,9.65,-12.64
3719.9,0.454,9.746,-12.26
3725.0,0.454,9.802,-11.13
3730.0,0.454,9.812,-10.46
3734.9,0.453,9.88,-10.84
3739.9,0.453,9.87,-10.17
3744.9,0.452,9.898,-10.65
3750.0,0.452,9.946,-10.55
3755.0,0.453,9.974,-11.13
3760.0,0.453,9.832,-12.26
3764.9,0.454,9.708,-13.31
3770.1,0.455,9.668,-13.5
3775.0,0.455,9.668,-12.92
3779.9,0.455,9.688,-12.65
3785.0,0.454,9.936,-11.02
3790.3,0.454,10.042,-10.17
3795.0,0.454,10.052,-9.79
3799.9,0.454,10.08,-9.41
3805.0,0.454,9.87,-11.4
3810.0,0.455,10.022,-10.08
3815.0,0.455,10.118,-9.5
3819.9,0.456,10.148,-9.03
3824.9,0.456,10.204,-9.79
3829.9,0.457,10.242,-9.6
3834.9,0.458,9.812,-12.83
3839.9,0.459,10.128,-11.03
3844.8,0.46,9.794,-12.35
3849.9,0.461,9.832,-13.31
3855.0,0.46,9.946,-11.59
3860.0,0.46,9.936,-11.5
3864.9,0.459,10.176,-9.5
3869.9,0.459,10.022,-10.65
3874.9,0.459,9.984,-11.21
3879.9,0.459,9.984,-11.4
3884.8,0.46,9.994,-11.12
3889.9,0.46,10.004,-10.93
3894.9,0.46,10.014,-11.4
3899.9,0.46,10.014,-11.4
3904.9,0.46,10.242,-9.97
3909.9,0.46,10.014,-10.74
3914.9,0.461,9.754,-14.07
3919.9,0.461,9.946,-13.21
3924.8,0.462,9.716,-13.78
3929.8,0.462,9.63,-13.97
3935.0,0.461,10.06,-11.31
3939.8,0.46,10.004,-11.02
3944.9,0.459,9.716,-13.5
3949.8,0.459,9.88,-13.3
3955.0,0.459,9.936,-12.54
3960.1,0.459,9.956,-12.64
3964.8,0.459,9.726,-14.26
3969.9,0.459,9.612,-15.12
3974.8,0.459,9.574,-15.49
3979.9,0.459,9.794,-13.21
3984.8,0.458,9.84,-12.74
3989.9,0.458,9.592,-14.07
3994.8,0.457,9.794,-13.21
3999.8,0.457,9.84,-12.63
4004.8,0.456,9.86,-12.92
4009.9,0.456,9.87,-13.3
4014.9,0.456,9.898,-12.92
4019.9,0.457,9.86,-13.5
4024.8,0.457,9.832,-13.12
4029.8,0.458,9.84,-13.5
4034.8,0.458,9.85,-13.59
4039.8,0.459,9.63,-14.73
4044.8,0.459,9.802,-14.45
4049.8,0.459,9.802,-13.21
4054.8,0.459,9.582,-15.3
4059.8,0.459,9.64,-14.63
4064.8,0.458,9.754,-14.26
4069.8,0.457,9.754,-12.92
4074.8,0.457,9.794,-13.97
4079.8,0.456,9.774,-13.49
4084.9,0.456,9.774,-13.97
4089.9,0.456,9.764,-13.87
4094.8,0.457,9.564,-15.31
4099.8,0.457,9.726,-15.68
4104.9,0.457,9.794,-13.02
4109.8,0.457,9.574,-14.83
4114.8,0.457,9.708,-13.31
4119.8,0.456,9.726,-14.25
4124.7,0.456,9.736,-13.59
4129.8,0.455,9.726,-15.11
4134.8,0.455,9.754,-14.07
4139.8,0.456,9.754,-14.16
4144.8,0.456,9.794,-14.26
4149.9,0.456,9.764,-14.06
4154.8,0.457,9.794,-14.25
4159.8,0.457,9.764,-13.21
4164.8,0.457,9.716,-14.26
4169.8,0.457,9.534,-15.4
4174.7,0.457,9.688,-14.35
4179.8,0.457,9.87,-13.02
4184.8,0.456,10.032,-11.22
4189.8,0.456,9.898,-13.02
4194.7,0.456,9.832,-12.83
4199.8,0.456,9.822,-13.88
4204.7,0.457,10.07,-11.5
4209.8,0.457,9.974,-11.78
4214.7,0.458,9.86,-13.3
4219.7,0.459,9.612,-15.69
4224.7,0.46,9.736,-14.73
4229.7,0.46,9.554,-15.68
4235.0,0.459,9.726,-14.45
4239.7,0.458,9.994,-12.45
4244.8,0.457,10.128,-10.93
4249.7,0.457,9.908,-12.64
4255.0,0.458,9.88,-13.49
4259.8,0.458,9.888,-13.49
4264.8,0.459,9.86,-13.02
4269.9,0.46,9.698,-13.87
4274.7,0.46,9.754,-13.69
4279.7,0.46,9.822,-13.68
4284.7,0.459,9.822,-12.84
4289.8,0.458,9.832,-13.4
4294.7,0.458,9.85,-12.82
4299.7,0.458,9.85,-13.2
4304.7,0.458,9.86,-14.15
4309.7,0.458,9.612,-14.64
4314.7,0.458,9.754,-14.07
4319.8,0.458,9.784,-12.83
4324.7,0.458,9.822,-13.11
4329.8,0.457,9.822,-12.34
4334.7,0.457,9.832,-12.93
4339.7,0.457,10.09,-10.64
4344.6,0.456,9.918,-12.55
4349.7,0.457,9.888,-13.5
4354.7,0.458,9.888,-13.11
4359.7,0.459,9.726,-13.77
4364.7,0.459,9.544,-15.3
4369.7,0.459,9.746,-14.64
4374.7,0.459,9.822,-13.02
4379.6,0.458,9.784,-12.93
4384.7,0.458,9.85,-12.26
4389.7,0.457,10.1,-11.41
4394.7,0.457,9.668,-13.78
4399.7,0.457,10.032,-12.45
4404.6,0.457,9.908,-12.16
4409.7,0.458,9.86,-12.91
4414.7,0.458,9.622,-15.11
4419.8,0.459,9.698,-14.82
4424.7,0.459,9.812,-13.49
4429.8,0.458,9.86,-12.73
4434.6,0.458,9.85,-13.02
4439.6,0.457,9.87,-14.06
4444.7,0.457,9.888,-13.02
4449.6,0.458,9.898,-13.49
4454.7,0.458,9.87,-12.83
4459.7,0.458,9.87,-13.11
4464.7,0.459,9.622,-14.92
4469.6,0.459,9.774,-14.06
4474.6,0.459,9.822,-13.21
4479.6,0.459,9.86,-13.3
4484.7,0.458,9.86,-13.88
4489.7,0.458,9.87,-13.59
4494.6,0.458,9.87,-13.88
4499.6,0.458,9.85,-13.21
4504.6,0.459,9.86,-13.5
4509.8,0.459,9.84,-13.11
4514.6,0.459,9.84,-13.3
4519.6,0.459,9.812,-13.1
4524.6,0.459,9.85,-12.26
4529.6,0.459,9.898,-13.02
4534.7,0.459,9.86,-12.07
4539.6,0.458,9.87,-13.21
4544.6,0.458,9.88,-12.45
4549.6,0.458,10.1,-11.87
4554.8,0.458,9.918,-12.92
4559.7,0.459,9.688,-14.45
4564.6,0.459,9.582,-15.3
4569.6,0.46,9.526,-15.58
4574.6,0.459,9.488,-16.16
4579.6,0.458,9.698,-13.29
4584.5,0.457,10.004,-12.35
4589.7,0.456,9.888,-12.45
4594.6,0.455,10.09,-11.78
4599.6,0.455,10.014,-11.96
4604.5,0.456,9.888,-13.68
4609.6,0.458,9.85,-13.01
4614.6,0.459,9.622,-14.73
4619.6,0.459,9.754,-14.53
4624.6,0.459,9.822,-12.26
4629.6,0.459,9.832,-12.53
4634.5,0.458,9.822,-12.55
4639.6,0.457,10.1,-11.98
4644.5,0.457,9.946,-12.54
4649.5,0.457,9.928,-13.21
4654.5,0.458,9.86,-13.1
4659.6,0.459,9.708,-14.15
4664.5,0.459,9.564,-16.25
4669.5,0.459,9.736,-14.07
4674.6,0.459,9.574,-14.35
4679.6,0.458,9.746,-14.06
4684.6,0.457,10.022,-11.78
4689.6,0.456,9.946,-13.12
4694.5,0.456,10.108,-12.16
4699.7,0.457,9.688,-15.19
4704.7,0.458,9.794,-14.73
4709.6,0.459,9.622,-15.67
4714.5,0.459,9.496,-15.68
4719.5,0.459,9.63,-14.93
4724.5,0.459,9.754,-12.83
4729.6,0.457,9.794,-13.01
4734.5,0.456,9.802,-13.4
4739.6,0.455,10.032,-11.58
4744.5,0.455,10.118,-11.31
4749.5,0.455,9.87,-13.31
4754.6,0.456,9.564,-16.63
4759.6,0.458,9.496,-16.14
4764.5,0.458,9.708,-15.11
4769.6,0.458,9.736,-13.58
4774.5,0.458,9.534,-14.64
4779.5,0.457,9.63,-15.3
4784.6,0.456,9.746,-13.68
4789.6,0.455,9.974,-12.16
4794.5,0.454,9.86,-12.64
4799.5,0.455,10.052,-13.02
4804.5,0.455,9.888,-12.83
4809.6,0.456,9.832,-13.96
4814.5,0.457,9.832,-13.39
4819.5,0.458,9.832,-14.25
4824.5,0.459,9.774,-13.78
4829.5,0.459,9.582,-15.2
4834.9,0.459,9.754,-13.69
4839.6,0.458,9.794,-12.73
4844.5,0.458,9.802,-13.4
4849.6,0.457,9.794,-13.87
4854.7,0.456,9.812,-13.49
4859.6,0.456,9.802,-13.2
4864.4,0.456,9.812,-13.3
4869.5,0.456,9.822,-13.87
4874.5,0.457,9.832,-13.4
4879.5,0.457,9.812,-13.29
4884.5,0.457,9.802,-13.12
4889.6,0.457,9.802,-13.39
4894.4,0.457,9.832,-12.92
4899.5,0.457,9.84,-12.64
4904.4,0.457,9.84,-12.72
4909.5,0.457,10.06,-11.5
4914.4,0.457,9.936,-12.73
4919.5,0.458,9.88,-12.83
4924.5,0.458,9.602,-14.92
4929.4,0.459,9.85,-13.4
4934.5,0.459,10.128,-11.5
4939.5,0.458,9.956,-12.16
4944.5,0.458,9.888,-13.21
4949.5,0.459,9.918,-13.39
4954.5,0.459,9.928,-13.39
4959.5,0.46,9.928,-13.87
4964.5,0.46,9.928,-13.21
4969.4,0.461,9.66,-15.3
4974.5,0.461,9.812,-13.59
4979.4,0.461,9.622,-15.1
4984.6,0.46,9.794,-12.82
4989.5,0.459,10.042,-11.59
4994.4,0.459,9.936,-11.59
4999.4,0.458,9.88,-13.02
5004.5,0.458,9.898,-13.21
5009.5,0.458,9.908,-12.83
5014.5,0.459,9.918,-12.65
5019.5,0.459,9.88,-12.17
5024.6,0.459,9.918,-13.02
5029.4,0.46,9.888,-12.36
5034.4,0.46,9.898,-12.92
5039.5,0.46,9.65,-14.07
5044.4,0.46,10.07,-12.16
5049.5,0.46,9.898,-12.26
5054.5,0.46,9.612,-14.72
5059.5,0.46,9.774,-13.87
5064.3,0.46,9.85,-12.83
5069.4,0.459,10.08,-11.21
5074.4,0.459,9.946,-12.16
5079.4,0.459,10.032,-12.63
5084.4,0.459,10.224,-11.4
5089.4,0.46,9.754,-14.43
5094.4,0.461,9.908,-14.35
5099.4,0.462,9.678,-14.91
5104.3,0.462,9.612,-14.72
5109.4,0.462,9.708,-14.07
5114.3,0.461,9.832,-12.93
5119.4,0.46,9.802,-13.01
5124.4,0.459,9.87,-12.55
5129.3,0.458,9.88,-12.72
5134.4,0.458,10.118,-11.68
5139.4,0.458,9.994,-12.82
5144.3,0.459,9.698,-15.21
5149.3,0.46,9.554,-15.76
5154.6,0.46,9.784,-14.07
5159.4,0.46,9.622,-14.34
5164.3,0.46,9.764,-14.25
5169.4,0.459,9.812,-13.11
5174.3,0.459,9.822,-13.4
5179.4,0.458,9.87,-13.01
5184.4,0.458,10.08,-12.54
5189.5,0.458,9.688,-14.14
5194.3,0.458,9.822,-14.06
5199.3,0.459,9.802,-13.38
5204.4,0.459,9.84,-13.97
5209.7,0.459,9.564,-14.83
5214.3,0.459,9.746,-14.73
5219.3,0.459,9.764,-14.34
5224.3,0.459,9.564,-14.91
5229.3,0.458,9.66,-16.15
5234.4,0.458,9.794,-13.96
5239.3,0.457,9.84,-13.58
5244.3,0.457,9.84,-13.4
5249.3,0.457,9.832,-13.67
5254.3,0.457,9.832,-13.78
5259.4,0.457,9.84,-12.74
5264.3,0.458,9.812,-13.02
5269.3,0.458,9.84,-12.91
5274.3,0.458,9.832,-13.39
5279.3,0.458,10.06,-11.5
5284.4,0.458,9.66,-13.68
5289.4,0.458,9.936,-12.15
5294.3,0.458,9.908,-12.45
5299.4,0.458,9.898,-13.3
5304.4,0.458,9.908,-12.92
5309.3,0.458,9.888,-13.2
5314.3,0.459,9.86,-12.83
5319.3,0.459,9.726,-14.62
5324.3,0.459,9.554,-15.4
5329.3,0.459,9.746,-14.35
5334.2,0.459,9.832,-12.54
5339.3,0.458,10.09,-11.87
5344.2,0.458,9.66,-13.87
5349.2,0.458,9.688,-15.39
5354.4,0.458,9.822,-13.49
5359.4,0.458,9.812,-13.39
5364.2,0.458,9.574,-15.11
5369.3,0.458,9.764,-14.73
5374.2,0.458,9.812,-13.02
5379.4,0.457,9.802,-13.41
5384.3,0.457,9.832,-12.92
5389.4,0.457,9.86,-13.02
5394.2,0.457,9.85,-13.11
5399.3,0.458,10.07,-11.58
5404.2,0.458,9.918,-11.68
5409.3,0.458,9.86,-13.58
5414.2,0.459,9.85,-13.11
5419.3,0.459,9.84,-13.21
5424.3,0.459,9.832,-13.11
5429.2,0.459,9.832,-13.2
5434.3,0.459,9.898,-13.3
5439.2,0.459,9.898,-12.34
5444.2,0.459,9.63,-14.73
5449.2,0.459,10.004,-11.77
5454.4,0.459,9.946,-12.25
5459.3,0.459,9.88,-12.44
5464.2,0.459,9.88,-12.83
5469.2,0.459,9.86,-12.73
5474.2,0.459,9.87,-13.02
5479.2,0.459,9.88,-13.4
5484.3,0.459,9.88,-12.83
5489.3,0.459,9.86,-13.79
5494.2,0.46,9.898,-12.83
5499.2,0.46,9.774,-14.63
5504.2,0.46,9.544,-15.11
5509.3,0.46,9.746,-14.44
5514.2,0.459,9.802,-13.01
5519.2,0.459,9.85,-13.5
5524.3,0.458,9.87,-12.93
5529.2,0.458,9.966,-12.83
5534.2,0.458,10.156,-11.11
5539.2,0.458,9.936,-12.44
5544.1,0.459,9.898,-13.4
5549.2,0.459,9.65,-15.3
5554.2,0.46,9.784,-13.88
5559.3,0.46,9.832,-12.82
5564.1,0.46,9.86,-13.01
5569.3,0.459,9.87,-13.02
5574.2,0.459,9.888,-13.01
5579.2,0.459,9.908,-13.21
5584.3,0.459,9.898,-13.01
5589.6,0.459,9.88,-13.4
5594.2,0.459,9.918,-13.2
5599.4,0.459,9.88,-13.02
5604.3,0.46,9.88,-12.82
5609.2,0.46,9.898,-13.02
5614.1,0.46,9.908,-13.39
5619.2,0.46,9.88,-13.49
5624.1,0.46,9.908,-13.3
5629.2,0.461,9.888,-13.78
5634.1,0.461,9.66,-15.1
5639.2,0.461,9.84,-14.73
5644.1,0.461,9.622,-14.34
5649.1,0.46,9.698,-15.01
5654.2,0.46,9.832,-12.82
5659.3,0.459,9.832,-13.1
5664.1,0.458,9.832,-12.83
5669.1,0.458,9.87,-13.39
5674.2,0.457,9.88,-13.3
5679.2,0.457,9.716,-14.53
5684.1,0.458,9.534,-16.53
5689.2,0.458,9.746,-14.44
5694.2,0.458,9.802,-13.96
5699.1,0.458,9.764,-13.58
5704.1,0.457,9.554,-15.59
5709.2,0.457,9.784,-14.44
5714.1,0.457,10.09,-11.87
5719.2,0.457,9.88,-12.93
5724.1,0.457,9.888,-13.77
5729.1,0.458,9.88,-14.06
5734.2,0.458,9.832,-13.39
5739.1,0.459,9.622,-15.2
5744.2,0.459,9.754,-14.44
5749.2,0.459,9.802,-14.72
5754.3,0.459,9.812,-13.4
5759.1,0.459,9.612,-15.1
5764.2,0.459,9.726,-14.26
5769.1,0.458,9.794,-14.25
5774.1,0.458,9.85,-13.59
5779.2,0.458,9.822,-13.68
5784.1,0.458,9.812,-13.29
5789.2,0.458,9.784,-13.67
5794.0,0.458,9.802,-13.58
5799.4,0.458,9.812,-12.91
5804.1,0.458,9.84,-12.82
5809.1,0.458,10.042,-11.21
5814.0,0.458,10.148,-10.92
5819.1,0.458,9.698,-14.16
5824.0,0.458,10.06,-12.44
5829.1,0.459,10.014,-12.25
5834.1,0.459,9.898,-13.01
5839.1,0.46,9.63,-15.39
5844.1,0.46,9.802,-14.15
5849.1,0.46,9.794,-12.91
5854.1,0.46,9.832,-12.63
5859.1,0.459,10.014,-12.17
5864.1,0.459,10.166,-11.21
5869.1,0.458,10.004,-11.87
5874.0,0.459,9.946,-13.11
5879.0,0.46,9.908,-13.2
5884.5,0.46,9.65,-15.3
5889.1,0.461,9.794,-14.63
5894.1,0.461,9.888,-12.92
5899.1,0.46,9.918,-12.82
5904.2,0.46,9.918,-12.36
5909.1,0.46,10.128,-12.53
5914.1,0.46,9.764,-13.2
5919.0,0.46,9.794,-14.44
5924.0,0.46,9.84,-13.01
5929.1,0.46,9.87,-13.96
5934.0,0.46,9.888,-12.92
5939.1,0.46,9.64,-14.34
5944.0,0.459,10.032,-11.97
5949.1,0.459,10.042,-11.3
5954.1,0.458,9.966,-12.64
5959.1,0.459,9.928,-12.74
5964.0,0.459,9.936,-13.77
5969.4,0.46,9.936,-12.53
5974.0,0.46,9.688,-14.72
5979.0,0.46,9.746,-14.34
5984.0,0.46,9.86,-13.2
5989.1,0.46,9.582,-13.96
5994.0,0.459,10.022,-12.35
5999.0,0.458,9.928,-12.45
6004.0,0.458,9.888,-12.44
6009.0,0.458,9.898,-14.16
6014.0,0.458,9.908,-13.3
6019.1,0.459,9.888,-14.25
6023.9,0.459,9.65,-15.01
6029.0,0.46,9.85,-14.34
6034.3,0.46,9.602,-15.21
6039.0,0.46,9.794,-14.34
6044.0,0.459,9.602,-15.01
6049.0,0.458,9.754,-13.49
6054.2,0.457,9.822,-13.02
6059.0,0.457,10.004,-12.25
6063.9,0.456,9.936,-12.64
6069.0,0.457,9.888,-13.49
6074.0,0.457,9.822,-14.07
6078.9,0.458,9.612,-15.29
6084.0,0.458,9.774,-14.45
6089.0,0.458,9.84,-13.87
6093.9,0.458,9.85,-12.83
6099.0,0.458,9.84,-13.2
6103.9,0.458,9.87,-13.4
6109.0,0.458,10.108,-11.97
6113.9,0.458,9.966,-13.21
6119.1,0.459,9.63,-15.21
6123.9,0.459,9.754,-13.87
6128.9,0.46,9.86,-13.39
6133.9,0.459,9.832,-13.58
6139.3,0.459,9.582,-14.45
6143.9,0.458,9.974,-13.01
6149.0,0.457,9.918,-12.82
6153.9,0.457,9.88,-13.39
6159.0,0.457,9.908,-14.72
6163.9,0.458,9.87,-13.68
6168.9,0.458,9.88,-14.35
6173.9,0.459,9.63,-15.1
6178.9,0.46,9.822,-14.92
6183.9,0.46,9.592,-14.64
6188.9,0.459,9.754,-14.06
6193.9,0.459,9.812,-12.73
6198.9,0.458,10.06,-11.87
6203.9,0.457,9.928,-12.54
6208.9,0.457,9.85,-13.3
6213.9,0.457,9.88,-13.59
6219.0,0.458,9.88,-13.77
6223.9,0.458,9.888,-14.35
6228.9,0.459,9.612,-14.91
6233.8,0.459,9.774,-14.44
6238.9,0.459,9.86,-13.2
6243.8,0.459,9.84,-12.93
6248.9,0.458,9.84,-13.3
6254.0,0.458,9.84,-12.92
6258.9,0.458,9.822,-12.92
6263.8,0.458,9.84,-13.3
6268.9,0.458,9.87,-13.58
6273.8,0.458,9.888,-12.92
6278.9,0.458,9.87,-13.3
6283.9,0.458,9.84,-13.11
6289.0,0.459,9.87,-14.06
6293.8,0.459,9.888,-13.4
6298.9,0.459,9.84,-13.49
6303.9,0.459,9.622,-14.34
6309.2,0.459,9.708,-13.96
6313.9,0.459,9.784,-13.87
6318.9,0.458,10.08,-11.59
6323.8,0.458,9.936,-11.97
6328.8,0.457,9.898,-12.64
6334.0,0.458,10.118,-11.59
6338.9,0.458,9.994,-12.64
6343.8,0.459,9.668,-15.1
6348.9,0.46,9.794,-13.77
6353.8,0.46,9.85,-13.11
6358.9,0.46,9.65,-14.71
6363.8,0.46,9.764,-14.15
6368.9,0.459,9.832,-13.02
6373.8,0.459,9.85,-13.2
6378.9,0.458,9.87,-13.31
6383.8,0.458,9.898,-13.59
6388.9,0.458,9.84,-13.49
6393.9,0.459,9.812,-13.31
6398.8,0.459,9.812,-13.11
6403.8,0.459,9.822,-13.58
6408.9,0.459,9.822,-13.47
6413.8,0.459,9.622,-14.91
6418.8,0.459,9.802,-14.54
6423.8,0.458,9.84,-13.29
6428.8,0.458,9.698,-14.82
6433.8,0.458,9.534,-15.77
6438.8,0.458,9.974,-13.39
6443.8,0.458,9.622,-14.06
6448.8,0.458,9.764,-14.44
6453.9,0.458,9.812,-13
6458.9,0.457,9.936,-12.54
6463.7,0.457,10.118,-10.83
6468.8,0.457,9.898,-12.73
6473.8,0.458,9.88,-14.06
6479.2,0.458,9.87,-13.4
6483.9,0.459,9.66,-15.01
6488.9,0.459,9.764,-13.87
6493.7,0.459,9.84,-13.96
6499.2,0.459,9.802,-13.3
6503.9,0.459,9.602,-14.72
6508.8,0.459,9.736,-14.43
6513.7,0.458,10.022,-11.87
6518.8,0.458,9.974,-12.45
6523.7,0.458,9.85,-13.01
6528.8,0.458,9.822,-13.87
6533.7,0.458,9.822,-13.01
6538.8,0.459,9.822,-13.49
6543.7,0.459,9.574,-14.15
6548.8,0.458,9.678,-14.44
6554.0,0.458,9.754,-12.81
6558.8,0.457,9.812,-13.19
6563.7,0.456,10.09,-11.68
6568.7,0.456,9.898,-12.73
6573.7,0.456,9.88,-13.2
6578.7,0.457,9.87,-13.2
6583.8,0.458,9.87,-13.39
6588.8,0.458,9.832,-13.2
6593.7,0.459,9.612,-14.25
6598.8,0.459,9.774,-13.01
6603.7,0.458,10.042,-11.02
6608.8,0.458,10.022,-11.68
6613.7,0.457,9.898,-12.44
6618.7,0.458,9.888,-13.2
6623.7,0.458,9.88,-13.3
6628.8,0.458,9.908,-13.01
6633.8,0.459,9.66,-15
6638.7,0.459,9.784,-14.06
6643.7,0.459,9.832,-13.68
6648.8,0.459,9.85,-13.01
6653.7,0.459,9.87,-13.78
6658.7,0.459,9.86,-13.29
6663.6,0.459,9.832,-13.01
6669.1,0.459,9.832,-12.92
6673.7,0.459,9.88,-13.68
6678.7,0.458,9.888,-13.3
6683.7,0.458,9.86,-13.01
6688.8,0.459,9.888,-13.2
6693.7,0.459,9.888,-12.73
6698.7,0.459,9.86,-13.96
6703.7,0.459,9.908,-13.11
6708.7,0.459,9.65,-15.1
6713.6,0.46,9.812,-13.58
6718.7,0.459,9.87,-13.49
6723.6,0.459,9.888,-12.82
6728.8,0.459,9.87,-12.82
6733.6,0.459,9.85,-13.01
6738.7,0.459,9.86,-12.91
6743.6,0.459,9.87,-13.68
6748.7,0.459,9.888,-13.2
6753.7,0.459,9.84,-13.49
6758.8,0.459,9.918,-13.01
6763.7,0.459,9.898,-13.49
6768.7,0.459,9.928,-13.3
6773.6,0.46,9.86,-13.68
6778.7,0.46,9.63,-14.44
6783.8,0.46,9.802,-13.2
6788.7,0.46,9.85,-13.2
6793.6,0.459,9.84,-13.2
6798.7,0.458,9.832,-12.82
6803.8,0.458,9.87,-12.63
6808.7,0.458,10.09,-12.26
6813.6,0.458,9.946,-12.63
6818.7,0.458,9.908,-13.77
6823.6,0.459,9.966,-13.2
6828.6,0.46,9.888,-13.3
6833.6,0.461,9.65,-15.29
6838.7,0.461,9.564,-15.77
6843.6,0.461,9.746,-13.86
6848.6,0.46,9.84,-13.01
6853.7,0.459,9.88,-12.35
6859.1,0.458,10.108,-11.3
6863.5,0.458,9.966,-12.44
6868.6,0.458,9.888,-13.1
6873.6,0.459,9.65,-14.82
6878.6,0.459,9.526,-16.43
6883.6,0.46,9.516,-16.62
6888.7,0.459,9.754,-14.15
6893.6,0.458,9.774,-13.77
6899.2,0.458,9.802,-13.48
6903.6,0.457,10.08,-12.25
6908.7,0.457,10.004,-12.25
6913.6,0.458,9.908,-13.87
6918.7,0.459,9.86,-13.68
6923.6,0.46,9.84,-14.25
6928.7,0.46,9.582,-15.57
6933.8,0.46,9.496,-15.38
6938.7,0.46,9.736,-14.43
6943.6,0.459,9.984,-12.16
6948.6,0.458,9.832,-13.39
6953.6,0.457,9.87,-13.39
6958.6,0.457,9.86,-14.53
6963.5,0.458,9.85,-13.76
6968.6,0.458,9.708,-15.48
6973.5,0.459,9.526,-16.43
6978.6,0.46,9.448,-15.86
6983.5,0.459,9.678,-13.77
6988.6,0.458,9.966,-10.92
6993.5,0.457,9.85,-12.06
6998.6,0.456,9.974,-12.06
7003.5,0.456,10.128,-11.78
7008.8,0.456,9.918,-12.44
7013.5,0.457,9.88,-14.44
7018.6,0.458,9.612,-15.1
7023.5,0.459,9.754,-14.24
7028.9,0.459,9.812,-12.82
7033.5,0.459,9.832,-12.82
7038.6,0.458,9.812,-13.48
7043.5,0.458,9.822,-13.29
7048.6,0.458,9.802,-13.38
7053.5,0.458,9.85,-12.54
7058.6,0.457,9.994,-12.63
7063.5,0.457,10.176,-11.21
7068.6,0.458,9.688,-14.15
7073.6,0.458,9.832,-13.39
7078.5,0.459,9.888,-13.58
7083.5,0.459,9.908,-13.2
7088.6,0.459,9.888,-13.2
7093.5,0.459,9.898,-13.2
7098.5,0.459,9.908,-13.38
7103.5,0.459,9.898,-13.39
7108.6,0.459,9.63,-15.38
7113.5,0.46,9.802,-13.75
7118.6,0.459,9.85,-13.01
7123.5,0.459,9.86,-13.2
7128.5,0.459,9.88,-13.2
7133.5,0.458,9.85,-13.11
7138.6,0.458,9.832,-12.82
7143.4,0.458,9.87,-13
7148.5,0.458,9.87,-13.58
7153.6,0.458,9.85,-13.77
7158.6,0.458,9.888,-13.39
7163.5,0.459,9.65,-15
7168.5,0.459,9.822,-13.87
7173.5,0.459,9.88,-13.68
7178.5,0.459,9.726,-13.77
7183.5,0.459,9.544,-15.48
7188.6,0.459,9.966,-12.35
7193.4,0.458,9.86,-12.82
7198.6,0.458,9.86,-13.57
7203.4,0.458,9.86,-12.82
7208.6,0.458,9.86,-13.67
7213.4,0.458,9.85,-13.67
7218.9,0.458,9.85,-14.06
7223.4,0.459,9.612,-15.29
7228.5,0.459,9.506,-16.34
7233.6,0.459,9.698,-14.24
7238.5,0.458,9.544,-15.29
7243.5,0.458,9.956,-13.2
7248.5,0.457,9.812,-12.63
7253.5,0.456,9.784,-13.3
7258.5,0.456,9.812,-13.76
7263.4,0.456,10.042,-12.53
7268.5,0.457,9.85,-12.73
7273.4,0.457,9.554,-15.77
7278.5,0.458,9.726,-13.77
7283.5,0.458,9.794,-13.77
7288.5,0.458,9.802,-13.38
7293.4,0.457,9.802,-13.1
7298.6,0.457,9.928,-12.53
7303.4,0.457,10.108,-11.3
7308.5,0.457,9.956,-13.29
7313.4,0.458,9.84,-13.77
7318.5,0.459,9.582,-15.58
7323.4,0.46,9.754,-13.39
7328.4,0.46,9.66,-13.68
7333.4,0.459,9.506,-14.81
7338.4,0.459,9.936,-12.16
7343.4,0.457,9.86,-11.58
7348.4,0.457,10.06,-11.96
7353.3,0.456,9.918,-12.92
7358.5,0.457,9.726,-15.01
7363.3,0.458,9.526,-16.14
7368.5,0.459,9.726,-14.91
7373.4,0.459,9.554,-14.34
7378.5,0.459,9.708,-14.53
7383.4,0.458,9.764,-13.39
7388.8,0.457,9.746,-12.91
7393.4,0.457,9.984,-11.21
7398.4,0.456,10.108,-11.49
7403.4,0.456,9.956,-12.82
7408.4,0.457,9.87,-13.38
7413.3,0.458,9.85,-13.3
7418.5,0.459,9.86,-13.11
7423.3,0.459,9.832,-13.2
7428.4,0.46,9.812,-13.01
7433.4,0.46,9.564,-14.34
7438.4,0.459,10.004,-11.58
7443.3,0.458,9.908,-12.34
7448.5,0.458,9.87,-13.01
7453.5,0.458,9.88,-13.11
7458.4,0.458,9.86,-12.73
7463.4,0.458,9.86,-13.2
7468.4,0.458,9.87,-13.77
7473.3,0.459,9.84,-13.48
7478.5,0.459,9.86,-13.68
7483.3,0.459,9.84,-12.53
7488.4,0.459,9.898,-13.2
7493.3,0.459,9.87,-12.54
7498.4,0.459,9.908,-13.21
7503.3,0.459,9.898,-12.53
7508.4,0.459,9.898,-13.67
7513.4,0.46,9.88,-13.3
7518.3,0.46,9.622,-14.91
7523.3,0.46,9.774,-13.67
7528.4,0.46,9.802,-12.92
7533.3,0.459,9.87,-12.82
7538.3,0.458,10.118,-11.68
7543.3,0.458,9.918,-12.26
7548.4,0.458,9.86,-13.2
7553.4,0.459,9.888,-13.77
7558.5,0.459,9.87,-14.33
7563.4,0.46,9.66,-14.62
7568.3,0.46,9.726,-14.53
7573.4,0.46,9.84,-13.01
7578.8,0.459,10.108,-11.5
7583.3,0.459,9.936,-12.25
7588.3,0.459,9.918,-12.73
7593.4,0.459,9.928,-12.82
7598.4,0.46,9.918,-13.11
7603.3,0.46,9.918,-13.58
7608.4,0.46,9.918,-13.11
7613.3,0.461,9.678,-13.96
7618.3,0.461,9.822,-14.06
7623.3,0.461,9.888,-13.2
7628.3,0.46,9.888,-13.77
7633.3,0.46,9.908,-13.2
7638.3,0.46,9.65,-15.29
7643.3,0.46,9.84,-14.24
7648.3,0.46,9.822,-14.15
7653.3,0.46,9.622,-14.34
7658.3,0.46,9.716,-14.44
7663.4,0.459,9.84,-12.34
7668.3,0.458,10.1,-11.4
7673.3,0.458,9.678,-14.06
7678.3,0.458,10.07,-12.44
7683.4,0.458,9.984,-13.29
7688.3,0.459,9.918,-13.48
7693.2,0.459,9.65,-15.48
7698.3,0.46,9.574,-15.77
7703.4,0.46,9.726,-14.33
7708.3,0.46,9.774,-13.3
7713.2,0.459,9.822,-13.01
7718.3,0.458,9.794,-13.58
7723.4,0.458,9.794,-13.1
7728.3,0.457,9.86,-13.77
7733.2,0.457,9.84,-13.29
7738.3,0.457,9.85,-14.44
7743.2,0.458,9.85,-13.49
7748.4,0.458,9.87,-14.15
7753.4,0.459,9.88,-13.39
7758.3,0.459,9.86,-14.05
7763.2,0.46,9.84,-14.06
7768.7,0.46,9.592,-15.2
7773.2,0.46,9.736,-14.44
7778.3,0.46,9.812,-13.39
7783.3,0.459,9.794,-13.86
7788.3,0.459,9.812,-13.29
7793.3,0.458,9.784,-13.39
7798.2,0.458,9.832,-12.82
7803.2,0.458,9.832,-13.48
7808.3,0.457,9.85,-13.59
7813.2,0.458,9.822,-13.58
7818.3,0.458,9.84,-13.58
7823.2,0.458,9.85,-13.49
7828.2,0.458,9.88,-14.15
7833.5,0.459,9.622,-15.19
7838.3,0.459,9.736,-14.81
7843.2,0.459,9.794,-12.62
7848.3,0.458,9.84,-13.39
7853.5,0.458,9.84,-13
7858.3,0.458,9.84,-13.2
7863.2,0.458,10.07,-11.39
7868.2,0.458,9.85,-12.82
7873.2,0.458,9.554,-15.67
7878.3,0.459,9.754,-14.9
7883.3,0.459,9.784,-13.39
7888.3,0.459,9.802,-13.96
7893.2,0.459,9.822,-13.4
7898.2,0.459,9.802,-14.15
7903.2,0.459,9.802,-13.77
7908.2,0.459,9.784,-13.67
7913.2,0.459,9.784,-13.2
7918.3,0.458,9.832,-13.87
7923.2,0.458,9.832,-13.2
7928.3,0.458,9.812,-12.92
7933.2,0.458,9.822,-12.72
7938.7,0.458,10.08,-11.4
7943.2,0.458,9.918,-12.44
7948.3,0.458,9.87,-12.82
7953.1,0.458,9.87,-13.01
7958.2,0.459,9.86,-12.35
7963.2,0.459,9.87,-13.2
7968.2,0.459,9.888,-13.01
7973.1,0.459,9.898,-12.72
7978.2,0.459,9.888,-12.82
7983.1,0.459,9.888,-13.29
7988.3,0.459,9.918,-13.68
7993.1,0.459,9.888,-12.72
7998.2,0.46,9.86,-13.48
8003.1,0.46,9.86,-12.82
8008.3,0.46,9.85,-13.67
8013.1,0.459,9.622,-14.05
8018.2,0.459,9.726,-15
8023.2,0.459,9.802,-13.01
8028.3,0.458,9.84,-13.77
8033.2,0.458,9.86,-13.77
8038.2,0.457,9.88,-13.86
8043.2,0.458,9.85,-13.57
8048.2,0.458,9.86,-13.29
8053.3,0.458,9.88,-13.57
8058.2,0.459,9.87,-12.91
8063.2,0.459,9.622,-14.33
8068.1,0.459,9.832,-13.01
8073.2,0.459,10.07,-11.29
8078.2,0.458,9.974,-11.68
8083.1,0.458,9.908,-12.43
8088.4,0.458,9.908,-13.1
8093.2,0.459,9.88,-13.1
8098.2,0.459,9.888,-13.49
8103.1,0.46,9.88,-13.39
8108.5,0.46,9.88,-13.29
8113.1,0.46,9.918,-12.53
8118.2,0.46,9.928,-12.82
8123.1,0.46,9.888,-13.01
8128.2,0.46,9.898,-12.92
8133.2,0.46,9.918,-12.81
8138.1,0.46,9.87,-12.92
8143.1,0.46,9.898,-12.82
8148.1,0.46,9.936,-13.49
8153.0,0.46,9.928,-12.72
8158.2,0.46,9.668,-14.81
8163.1,0.46,9.802,-14.15
8168.1,0.46,9.716,-14.91
8173.0,0.46,9.564,-15.28
8178.1,0.46,9.794,-14.44
8183.1,0.459,9.822,-13.1
8188.2,0.458,9.812,-13.58
8193.0,0.458,9.832,-14.07
8198.1,0.458,9.86,-13.11
8203.1,0.458,9.86,-13.2
8208.1,0.458,10.108,-11.68
8213.1,0.458,9.716,-14.63
8218.1,0.459,9.822,-13.96
8223.0,0.459,9.832,-13.58
8228.2,0.46,9.88,-13.2
8233.1,0.46,9.86,-13.39
8238.2,0.46,9.87,-13.77
8243.1,0.459,9.86,-13.11
8248.1,0.459,9.88,-13.68
8253.0,0.46,9.87,-12.92
8258.1,0.46,9.716,-14.82
8263.0,0.46,9.544,-15.3
8268.1,0.459,9.746,-14.53
8273.0,0.459,9.802,-13.87
8278.1,0.458,10.09,-12.63
8283.0,0.458,9.888,-13.11
8288.1,0.458,9.592,-15.96
8293.0,0.459,9.774,-14.52
8298.1,0.459,9.802,-14.43
8303.0,0.459,9.592,-15.96
8308.1,0.459,9.764,-14.05
8313.0,0.459,9.574,-14.91
8318.4,0.458,9.764,-13.87
8323.0,0.458,10.06,-11.59
8328.0,0.457,10.148,-10.73
8333.0,0.457,9.918,-12.83
8338.0,0.458,9.86,-13.96
8343.0,0.459,9.64,-15.48
8348.1,0.459,9.554,-16.9
8353.2,0.46,9.496,-16.43
8358.0,0.46,9.678,-14.81
8363.0,0.458,9.774,-14.82
8368.0,0.458,9.784,-15.48
8373.0,0.457,9.802,-14.71
8378.1,0.458,9.812,-15.39
8383.0,0.458,9.822,-15.29
8388.1,0.459,10.07,-13.67
8393.0,0.46,9.908,-13.96
8398.0,0.461,9.602,-16.81
8402.9,0.462,9.974,-14.64
8408.1,0.462,10.148,-12.82
8413.0,0.463,10.194,-11.77
8418.0,0.463,9.956,-14.72
8423.1,0.464,9.936,-15.1
8428.0,0.465,9.678,-17
8433.0,0.466,9.822,-15.39
8438.1,0.466,9.888,-14.72
8442.9,0.466,9.908,-13
8448.0,0.465,9.87,-14.05
8452.9,0.465,10.128,-12.15
8458.0,0.464,10.242,-11.11
8463.0,0.464,10.252,-11.01
8468.0,0.464,10.28,-11.58
8472.9,0.465,10.358,-11.19
8478.1,0.466,9.84,-14.43
8483.0,0.467,9.946,-15
8488.0,0.468,10.022,-13.39
8492.9,0.468,9.794,-14.34
8498.0,0.468,9.984,-13.67
8502.9,0.467,10.262,-10.54
8508.3,0.466,10.348,-10.63
8512.9,0.466,10.194,-11.87
8518.0,0.466,10.138,-13.29
8522.9,0.467,10.108,-13.2
8528.3,0.468,9.928,-14.15
8532.9,0.468,9.774,-15.19
8538.0,0.469,9.994,-13.2
8542.9,0.468,10.004,-11.58
8548.0,0.467,10.272,-10.25
8553.0,0.466,10.348,-9.59
8558.1,0.465,10.28,-10.82
8562.9,0.465,10.148,-12.44
8568.0,0.466,10.396,-11.39
8572.9,0.467,10.004,-13.29
8577.9,0.468,10.09,-14.24
8582.9,0.469,10.108,-12.82
8588.0,0.469,9.832,-14.15
8592.9,0.469,9.994,-13.02
8598.0,0.468,10.31,-10.73
8602.9,0.468,10.204,-10.93
8608.0,0.467,10.358,-11.01
8613.0,0.467,10.234,-11.68
8618.0,0.468,10.194,-13.01
8622.9,0.469,10.176,-13.1
8627.9,0.47,9.908,-14.72
8633.0,0.47,9.85,-14.33
8637.9,0.47,10.052,-13.2
8642.8,0.469,10.07,-12.24
8647.9,0.468,10.1,-12.63
8653.0,0.468,10.1,-13.77
8658.0,0.467,10.32,-11.3
8662.8,0.467,10.194,-11.86
8667.9,0.468,9.908,-14.82
8672.9,0.468,10.042,-13.95
8677.9,0.468,9.946,-13.77
8682.9,0.469,9.794,-13.95
8687.9,0.468,10.022,-13.67
8692.8,0.468,10.262,-11.19
8698.0,0.467,10.148,-11.96
8702.9,0.467,10.108,-12.54
8707.9,0.467,10.1,-12.63
8712.8,0.467,10.1,-12.91
8718.3,0.467,9.86,-13.96
8722.9,0.467,9.984,-13.1
8727.9,0.467,9.784,-13.3
8733.0,0.466,9.984,-12.72
8737.9,0.465,9.754,-13.01
8742.8,0.464,10.138,-11.1
8748.0,0.463,10.042,-11.3
8752.8,0.462,10.032,-11.96
8757.9,0.462,10.052,-12.72
8762.8,0.462,9.802,-13.67
8767.9,0.462,9.908,-14.24
8772.8,0.462,9.974,-12.73
8777.9,0.462,9.784,-14.24
8782.8,0.462,9.688,-14.34
8787.9,0.462,9.918,-13.1
8792.8,0.462,9.936,-12.45
8798.0,0.461,9.956,-12.53
8802.9,0.461,9.994,-11.97
8807.9,0.461,9.946,-13.3
8812.8,0.461,9.764,-14.61
8817.9,0.461,9.918,-13.86
8822.8,0.461,9.936,-13.76
8827.9,0.461,9.984,-13.1
8832.9,0.461,9.984,-12.82
8837.8,0.462,9.974,-13.3
8842.8,0.462,9.726,-14.34
8847.9,0.462,9.88,-13.77
8852.8,0.462,9.688,-13.96
8857.8,0.462,9.764,-14.24
8862.7,0.462,9.85,-12.64
8867.9,0.461,9.622,-14.63
8872.8,0.46,9.784,-13.58
8877.8,0.459,10.118,-11.49
8882.8,0.459,9.974,-12.53
8888.2,0.459,9.688,-15.67
8892.7,0.46,9.84,-15.38
8897.8,0.46,9.86,-14.44
8902.7,0.461,9.65,-15
8907.8,0.461,9.774,-14.06
8912.7,0.461,9.63,-15.09
8917.9,0.46,9.85,-13.96
8922.7,0.459,10.108,-10.92
8927.9,0.458,9.956,-12.44
8932.8,0.458,9.918,-13.29
8937.9,0.459,9.898,-14.25
8942.7,0.459,9.688,-15.09
8947.8,0.46,9.564,-16.43
8952.9,0.461,9.496,-16.52
8957.9,0.46,9.746,-15.2
8962.8,0.46,9.372,-15.87
8967.8,0.459,9.87,-13.29
8972.8,0.458,9.86,-12.64
8977.9,0.457,9.822,-13.86
8982.7,0.457,9.822,-14.25
8987.8,0.457,9.812,-13.86
8992.9,0.458,9.832,-13.39
8997.8,0.458,9.802,-14.05
9002.7,0.458,9.794,-14.53
9007.8,0.458,9.64,-14.81
9012.7,0.459,9.478,-16.25
9017.8,0.458,9.688,-15.19
9022.8,0.458,9.774,-14.16
9027.8,0.457,9.754,-14.72
9032.8,0.457,9.746,-13.95
9037.8,0.457,9.544,-16.04
9042.7,0.457,9.898,-13.49
9047.8,0.457,9.784,-14.14
9052.8,0.457,9.764,-13.38
9058.0,0.458,9.544,-14.82
9062.7,0.458,9.822,-12.82
9067.8,0.458,10.032,-11.11
9072.6,0.457,10.118,-10.72
9078.1,0.457,9.87,-12.53
9082.6,0.458,9.84,-13.2
9087.8,0.459,9.85,-13.39
9092.7,0.459,9.86,-13.67
9097.8,0.46,9.84,-13.2
9102.6,0.46,9.88,-12.91
9107.8,0.46,9.88,-12.73
9112.6,0.46,10.09,-11.49
9117.7,0.46,9.678,-14.05
9122.7,0.46,9.812,-13.39
9127.7,0.46,10.004,-12.25
9132.7,0.46,10.138,-10.64
9137.7,0.46,9.974,-12.06
9142.7,0.46,9.918,-13.11
9147.7,0.46,9.928,-13.01
9152.6,0.461,9.928,-13.02
9157.8,0.461,9.754,-14.14
9162.7,0.461,9.63,-16.25
9167.7,0.461,9.832,-13.76
9172.6,0.461,9.64,-14.16
9177.7,0.46,10.004,-12.24
9182.8,0.459,9.928,-12.54
9187.8,0.459,9.898,-13.19
9192.6,0.459,9.88,-13.02
9197.7,0.459,9.87,-13.2
9202.8,0.46,9.88,-13
9207.7,0.46,9.88,-13.77
9212.6,0.46,9.85,-12.73
9217.7,0.46,10.014,-12.34
9222.6,0.46,10.176,-10.34
9227.7,0.46,9.966,-12.34
9232.6,0.461,9.736,-14.34
9237.7,0.461,9.88,-13.49
9242.6,0.462,9.908,-12.82
9248.0,0.462,9.918,-12.72
9252.7,0.461,9.966,-13.49
9257.7,0.461,9.908,-12.72
9262.6,0.461,9.908,-12.82
9267.6,0.461,9.928,-12.54
9272.6,0.461,9.936,-12.82
9277.7,0.461,9.936,-13.2
9282.6,0.461,9.918,-13
9287.7,0.461,9.64,-14.82
9292.5,0.461,9.84,-13.2
9297.6,0.461,9.908,-13.68
9302.5,0.461,9.918,-12.82
9307.6,0.46,9.918,-13.2
9312.6,0.46,9.908,-13.01
9317.6,0.461,9.688,-15.29
9322.5,0.461,9.812,-14.15
9327.6,0.461,9.86,-12.91
9332.8,0.46,9.622,-14.81
9337.6,0.46,9.908,-13.29
9342.5,0.46,9.928,-12.26
9347.6,0.459,9.918,-12.53
9352.6,0.459,9.87,-12.73
9357.7,0.459,9.888,-13.29
9362.6,0.459,9.928,-13.39
9367.6,0.46,9.794,-14.33
9372.6,0.46,9.612,-15.37
9377.6,0.461,9.794,-13.95
9382.5,0.46,9.822,-13
9387.7,0.46,9.832,-14.05
9392.5,0.46,9.822,-13.49
9397.7,0.459,9.85,-13.67
9402.5,0.459,9.832,-13.76
9407.6,0.459,9.86,-14.34
9412.5,0.459,9.65,-15.47
9417.9,0.459,9.774,-14.71
9422.5,0.46,9.602,-15.47
9427.6,0.459,9.65,-15.19
9432.5,0.459,9.754,-14.52
9437.7,0.458,9.774,-13.95
9442.5,0.458,9.794,-13.29
9447.7,0.458,9.812,-13.2
9452.5,0.458,9.794,-13.39
9457.6,0.458,9.812,-13.86
9462.5,0.458,9.84,-12.63
9467.6,0.458,9.832,-13.39
9472.4,0.458,10.022,-11.87
9477.6,0.458,9.888,-13.39
9482.6,0.459,9.612,-15.57
9487.7,0.459,9.774,-14.81
9492.4,0.459,9.812,-13.76
9497.6,0.459,9.564,-15.28
9502.6,0.459,9.946,-13.67
9507.7,0.459,9.86,-12.82
9512.5,0.459,9.822,-13.76
9517.6,0.459,9.822,-13.38
9522.5,0.459,9.822,-14.05
9527.5,0.459,9.822,-13.1
9532.4,0.459,9.812,-13.39
9537.6,0.459,9.802,-13.48
9542.5,0.459,9.84,-13.09
9547.5,0.459,10.004,-12.72
9552.6,0.458,10.156,-11.01
9557.6,0.459,9.974,-12.63
9562.4,0.459,9.908,-12.9
9567.8,0.46,9.64,-16.04
9572.4,0.461,9.812,-14.14
9577.5,0.461,9.87,-13.2
9582.4,0.461,9.888,-12.44
9588.0,0.46,10.138,-11.3
9592.4,0.46,10.004,-11.86
9597.5,0.46,9.918,-13.01
9602.4,0.46,9.928,-12.72
9607.6,0.46,9.888,-12.72
9612.4,0.461,9.898,-13.29
9617.6,0.461,9.678,-14.62
9622.4,0.461,9.812,-13.76
9627.5,0.46,9.84,-13.2
9632.7,0.46,9.898,-13.39
9637.5,0.46,9.898,-13.39
9642.4,0.46,9.888,-13.29
9647.6,0.46,9.87,-13.57
9652.5,0.46,9.65,-14.33
9657.5,0.46,9.784,-14.43
9662.4,0.46,9.85,-13.38
9667.5,0.459,9.908,-12.53
9672.5,0.459,9.898,-12.81
9677.5,0.459,10.128,-12.34
9682.4,0.459,9.984,-13.01
9687.5,0.459,9.946,-13.39
9692.4,0.46,9.688,-14.62
9697.5,0.461,9.754,-14.81
9702.3,0.461,9.88,-13.57
9707.6,0.46,9.622,-14.91
9712.5,0.46,9.794,-13.57
9717.5,0.459,9.88,-13.1
9722.4,0.459,10.108,-11.1
9727.5,0.458,10.032,-12.06
9732.3,0.458,9.974,-12.52
9737.5,0.459,9.946,-13.77
9742.3,0.46,9.898,-13.38
9747.5,0.461,9.668,-15.39
9752.5,0.462,9.85,-14.23
9757.9,0.462,9.736,-13.77
9762.3,0.462,9.592,-15.27
9767.4,0.461,9.794,-14.35
9772.3,0.46,9.84,-13.95
9777.5,0.459,9.812,-13.77
9782.6,0.459,9.88,-13.38
9787.5,0.459,9.85,-13.2
9792.3,0.459,9.84,-13.76
9797.4,0.459,9.612,-14.93
9802.6,0.459,10.004,-12.24
9807.5,0.458,9.918,-12.91
9812.3,0.458,9.86,-13.09
9817.5,0.459,9.708,-14.83
9822.3,0.459,9.526,-15.95
9827.7,0.459,9.726,-15.01
9832.3,0.459,9.802,-13.76
9837.5,0.458,9.794,-13.97
9842.3,0.458,9.812,-13.76
9847.5,0.458,9.832,-13.68
9852.5,0.458,9.794,-13.57
9857.4,0.458,9.794,-13.95
9862.4,0.458,9.822,-13.57
9867.4,0.458,9.832,-13.1
9872.3,0.458,9.812,-13
9877.4,0.458,9.802,-13.39
9882.3,0.458,9.794,-13.38
9887.5,0.458,9.85,-13.67
9892.4,0.458,9.832,-13.19
9897.5,0.458,9.86,-13.67
9902.3,0.458,9.812,-13.2
9907.5,0.458,9.84,-14.05
9912.4,0.459,9.85,-13.01
9917.4,0.459,9.832,-13.58
9922.2,0.459,9.802,-13.2
9927.4,0.459,9.85,-13.01
9932.6,0.459,10.06,-11.96
9937.4,0.459,9.946,-11.67
9942.3,0.459,9.87,-13.1
9947.7,0.459,9.85,-13.29
9952.3,0.459,9.85,-13.77
9957.5,0.46,9.88,-13.1
9962.2,0.46,9.87,-13.1
9967.3,0.46,9.88,-12.54
9972.2,0.46,9.898,-13.48
9977.4,0.46,9.936,-13.01
9982.2,0.46,9.918,-13.01
9987.4,0.46,9.66,-15.19
9992.2,0.46,9.802,-13.48
9997.4,0.46,9.87,-12.81
10002.2,0.459,9.812,-13.2
10007.4,0.459,9.832,-13.29
10012.3,0.459,9.86,-12.82
10017.5,0.458,9.888,-12.72
10022.3,0.458,10.1,-12.26
10027.4,0.458,10.08,-11.2
10032.6,0.459,9.898,-13.39
10037.3,0.46,9.888,-13.1
10042.3,0.461,9.668,-14.91
10047.3,0.461,9.832,-13.76
10052.2,0.461,9.84,-12.72
10057.4,0.461,9.87,-12.44
10062.2,0.46,9.898,-12.35
10067.3,0.46,10.138,-11.49
10072.2,0.459,9.966,-11.87
10077.3,0.46,9.928,-12.63
10082.3,0.46,9.898,-13.2
10087.3,0.461,9.908,-13.77
10092.2,0.461,9.698,-14.81
10097.4,0.461,9.84,-13.96
10102.2,0.461,9.86,-13.29
10107.3,0.461,9.88,-13.39
10112.2,0.46,9.908,-13.39
10117.7,0.46,9.918,-12.82
10122.2,0.46,9.898,-12.91
10127.3,0.46,9.908,-12.24
10132.2,0.46,9.88,-13.39
10137.3,0.46,9.928,-12.63
10142.2,0.46,9.888,-13.01
10147.3,0.46,9.908,-12.82
10152.5,0.46,9.928,-13.29
10157.4,0.46,9.956,-13.86
10162.2,0.461,9.898,-13.2
10167.3,0.461,9.678,-14.9
10172.2,0.461,9.812,-13.86
10177.3,0.461,9.736,-14.05
10182.2,0.461,9.564,-15.08
10187.4,0.46,9.774,-13.48
10192.2,0.459,10.022,-11.48
10197.2,0.459,9.928,-11.96
10202.2,0.458,10.108,-11.96
10207.3,0.458,10.042,-12.15
10212.2,0.459,9.928,-13.19
10217.3,0.46,9.936,-12.81
10223.2,0.461,9.936,-13.39
10227.2,0.462,9.888,-13.29
10232.4,0.462,9.668,-14.62
10237.3,0.462,9.774,-14.33
10242.1,0.462,9.86,-13.67
10247.2,0.461,9.908,-13.48
10252.2,0.461,9.928,-13.19
10257.3,0.461,9.928,-13.86
10262.1,0.461,9.898,-14.14
10267.2,0.461,9.908,-14.43
10272.2,0.462,9.898,-14.24
10277.3,0.462,9.64,-15.28
10282.1,0.463,9.802,-15
10287.5,0.462,9.86,-13.86
10292.1,0.462,10.1,-12.62
10297.2,0.462,10.022,-12.15
10302.1,0.462,9.928,-13.09
10307.6,0.462,9.908,-13.29
10312.1,0.463,9.928,-13.19
10317.2,0.463,9.898,-13.67
10322.1,0.463,9.668,-13.95
10327.2,0.463,9.698,-14.91
10332.1,0.462,9.822,-12.62
10337.2,0.461,9.88,-13.39
10342.2,0.46,9.888,-12.53
10347.2,0.459,9.898,-13.2
10352.1,0.459,10.118,-12.16
10357.3,0.46,9.84,-13.95
10362.1,0.46,9.622,-16.42
10367.3,0.461,9.554,-16.52
10372.1,0.462,9.516,-16.33
10377.2,0.461,9.716,-13.67
10382.1,0.46,9.822,-13.39
10387.3,0.459,10.07,-11.3
10392.1,0.458,9.908,-12.15
10397.2,0.458,10.09,-11.58
10402.0,0.458,9.974,-12.53
10407.3,0.459,9.936,-13.1
10412.1,0.46,9.928,-13.19
10417.1,0.46,9.88,-13.38
10422.1,0.461,9.888,-12.62
10427.1,0.461,9.898,-13.38
10432.1,0.461,9.908,-12.53
10437.3,0.461,9.928,-12.43
10442.1,0.461,9.928,-12.43
10447.1,0.461,9.936,-13.29
10452.1,0.461,9.956,-13.18
10457.4,0.461,9.918,-12.9
10462.0,0.461,9.918,-12.62
10467.1,0.461,9.888,-12.81
10472.1,0.461,9.688,-14.33
10477.5,0.461,9.966,-12.82
10482.0,0.461,10.176,-10.63
10487.2,0.46,9.984,-12.15
10492.0,0.461,9.936,-13.29
10497.1,0.461,9.966,-13.86
10502.0,0.461,9.736,-14.43
10507.2,0.462,9.612,-15.58
10512.0,0.462,9.574,-15.19
10517.1,0.462,9.794,-13.96
10522.0,0.461,10.06,-11.77
10527.3,0.46,9.946,-11.39
10532.2,0.459,9.898,-12.72
10537.1,0.459,9.918,-13.01
10542.1,0.459,9.936,-13.96
10547.1,0.46,9.918,-12.91
10552.0,0.46,9.668,-15.39
10557.2,0.461,10.014,-12.91
10562.1,0.461,9.974,-12.44
10567.1,0.461,9.908,-13.2
10572.0,0.461,9.936,-12.25
10577.1,0.461,9.956,-13.01
10582.0,0.461,9.918,-12.63
10587.2,0.462,9.936,-13.77
10592.0,0.462,9.918,-12.63
10597.0,0.462,9.928,-13.01
10602.0,0.462,9.936,-12.34
10607.1,0.462,9.956,-13
10612.1,0.462,9.936,-13.1
10617.1,0.462,9.678,-14.62
10622.0,0.462,9.84,-14.14
10627.2,0.462,9.918,-13.01
10632.0,0.461,9.898,-13.58
10637.1,0.461,9.678,-14.44
10641.9,0.461,9.822,-14.33
10647.4,0.461,9.888,-13.48
10652.0,0.461,9.888,-13.76
10657.1,0.46,10.042,-12.72
10661.9,0.461,10.204,-10.92
10667.1,0.461,10.004,-11.87
10672.0,0.462,9.746,-13.67
10677.1,0.463,9.898,-14.05
10682.0,0.463,9.88,-12.91
10687.1,0.463,9.898,-12.92
10692.0,0.463,9.908,-12.34
10697.0,0.462,9.946,-13.2
10701.9,0.462,9.966,-13.39
10707.1,0.462,9.928,-13.39
10712.0,0.462,9.698,-14.34
10717.0,0.462,9.774,-14.53
10722.0,0.462,9.908,-13.68
10727.0,0.462,9.66,-14.24
10732.0,0.461,10.032,-12.63
10737.0,0.461,9.966,-11.96
10741.9,0.46,9.936,-12.82
10747.0,0.46,9.946,-12.82
10752.1,0.461,9.946,-13.1
10757.2,0.461,9.898,-13.01
10761.9,0.461,9.908,-13.58
10767.0,0.462,9.946,-13.39
10772.0,0.462,9.716,-14.52
10777.0,0.462,9.612,-14.9
10782.0,0.462,9.554,-15.66
10787.0,0.461,10.004,-12.44
10791.9,0.46,9.918,-12.63
10797.1,0.459,10.128,-11.01
10801.9,0.459,10.004,-12.34
10807.0,0.46,9.898,-13.39
10811.9,0.46,9.908,-14.71
10817.3,0.461,9.66,-15.19
10821.9,0.462,9.582,-16.04
10827.0,0.462,9.794,-14.05
10832.1,0.462,9.85,-13.48
10837.0,0.461,9.87,-13.19
10841.9,0.46,9.84,-13.1
10847.0,0.46,10.118,-12.06
10851.9,0.46,9.966,-12.53
10857.0,0.46,9.908,-14.05
10861.9,0.461,9.66,-14.52
10867.0,0.462,9.736,-14.7
10871.9,0.462,9.812,-14.14
10877.0,0.461,9.86,-12.92
10881.8,0.46,9.86,-13.77
10887.0,0.46,9.908,-12.63
10891.9,0.46,10.09,-12.82
10897.0,0.46,10.07,-11.86
10901.9,0.46,9.974,-14.14
10907.0,0.461,9.908,-13.58
10911.9,0.463,9.478,-16.72
10916.9,0.463,9.746,-14.33
10921.9,0.463,9.832,-13
10927.0,0.462,9.86,-12.91
10931.9,0.461,9.86,-12.34
10937.0,0.46,10.1,-11.68
10941.9,0.459,9.974,-12.72
10946.9,0.459,10.166,-12.24
10951.9,0.46,9.784,-13.86
10957.0,0.461,9.754,-15.57
10961.8,0.462,9.87,-14.14
10966.9,0.462,9.65,-15
10971.8,0.462,9.774,-14.81
10977.0,0.462,9.612,-14.33
10981.9,0.461,9.784,-13.57
10987.0,0.46,10.052,-11.39
10991.8,0.459,10.166,-11.2
10996.9,0.459,9.994,-12.34
11001.9,0.459,9.898,-13.57
11007.1,0.46,9.888,-13.86
11011.8,0.461,9.688,-15.09
11016.9,0.461,9.746,-15.28
11021.8,0.461,9.85,-13.1
11027.3,0.461,9.888,-13.1
11031.8,0.461,10.09,-11.68
11036.9,0.46,9.736,-13.94
11041.8,0.46,9.85,-14.14
11046.9,0.46,9.754,-13.96
11052.0,0.46,9.564,-15.28
11056.9,0.46,9.764,-14.06
11061.8,0.46,9.86,-13.48
11066.9,0.459,9.832,-12.72
11071.9,0.459,10.052,-11.67
11076.9,0.458,10.022,-12.05
11081.8,0.459,9.946,-13.57
11087.0,0.459,9.918,-14.33
11092.0,0.46,9.688,-15
11096.9,0.461,9.554,-16.32
11101.8,0.462,9.736,-14.43
11106.9,0.461,9.84,-13.76
11111.8,0.46,9.84,-13.38
11116.8,0.46,9.812,-13.38
11121.8,0.459,9.832,-13.57
11126.9,0.459,10.09,-12.15
11131.9,0.459,9.928,-13.01
11136.9,0.459,9.622,-14.9
11141.7,0.46,9.994,-14.14
11146.8,0.46,9.668,-14.33
11151.9,0.46,9.774,-15.19
11156.9,0.46,9.87,-13.19
11161.7,0.46,9.84,-13.58
11166.8,0.46,9.956,-12.82
11171.7,0.46,10.176,-11.58
11176.9,0.46,9.994,-12.63
11181.7,0.461,9.698,-14.9
11186.9,0.462,9.832,-14.05
11191.7,0.462,9.88,-12.63
11196.9,0.462,9.87,-13.39
11201.7,0.461,9.87,-12.53
11206.8,0.461,9.908,-12.34
11211.7,0.46,9.918,-12.62
11216.8,0.46,10.118,-11.87
11221.8,0.46,10.032,-11.96
11226.8,0.46,9.784,-14.06
11231.7,0.461,9.63,-15.28
11236.8,0.461,9.802,-14.24
11241.9,0.461,9.66,-15
11246.8,0.461,9.784,-13.86
11251.8,0.46,9.86,-12.72
11257.0,0.459,9.88,-12.63
11261.7,0.459,9.86,-13.28
11266.8,0.458,10.09,-11.96
11271.7,0.458,9.774,-13.48
11276.8,0.459,10.052,-12.43
11281.8,0.459,9.946,-12.35
11286.8,0.46,9.888,-13.47
11291.7,0.46,9.668,-14.99
11296.8,0.461,9.764,-13.67
11301.8,0.461,9.84,-13.57
11306.8,0.46,9.888,-12.43
11311.7,0.459,9.888,-13.18
11316.8,0.459,9.87,-12.81
11321.7,0.459,9.88,-14.04
11326.7,0.459,9.832,-13.19
11331.8,0.459,9.65,-15.56
11336.8,0.459,10.014,-12.53
11341.7,0.459,9.928,-12.33
11346.7,0.459,9.754,-13.86
11351.9,0.46,9.582,-15.48
11356.8,0.46,9.974,-14.14
11361.6,0.459,9.698,-14.25
11366.8,0.459,9.794,-14.62
11371.7,0.459,9.84,-13.19
11376.7,0.459,9.85,-14.33
11381.7,0.459,9.86,-13.57
11387.0,0.459,9.88,-13.29
11391.7,0.459,9.87,-13.19
11396.7,0.46,9.86,-13.29
11401.6,0.46,9.88,-13.29
11407.1,0.46,9.88,-13
11411.7,0.46,9.88,-13.48
11416.8,0.46,9.87,-12.72
11421.6,0.46,10.1,-12.43
11426.7,0.46,9.936,-12.34
11431.9,0.46,9.66,-14.9
11436.7,0.46,9.802,-14.15
11441.6,0.461,9.85,-14.24
11446.7,0.46,9.898,-13.29
11451.7,0.46,9.84,-13.57
11456.8,0.46,9.84,-13.94
11461.7,0.46,9.84,-13.76
11466.8,0.46,9.87,-12.82
11471.7,0.46,9.88,-13.57
11476.7,0.46,10.1,-11.48
11481.6,0.46,9.984,-12.91
11486.7,0.461,9.908,-13.57
11491.7,0.461,9.678,-15.75
11496.7,0.462,9.726,-14.99
11501.7,0.462,9.832,-13.75
11506.7,0.461,9.64,-14.33
11511.7,0.461,10.014,-12.81
11516.6,0.46,9.946,-12.43
11521.6,0.459,9.88,-12.52
11526.7,0.459,9.888,-13.19
11531.6,0.459,9.898,-13.09
11536.7,0.46,9.898,-13.76
11541.6,0.46,9.888,-13.09
11546.7,0.46,9.668,-14.81
11551.5,0.46,10.014,-13.01
11556.9,0.46,9.822,-13.09
11561.6,0.46,9.63,-15.65
11566.6,0.46,9.802,-13.95
11571.6,0.46,9.794,-14.52
11577.1,0.46,9.84,-13.68
11581.7,0.459,9.86,-14.04
11586.7,0.459,9.86,-13.1
11591.5,0.459,9.85,-13.95
11596.7,0.459,9.85,-12.9
11601.6,0.459,9.888,-13.66
11606.7,0.459,9.86,-13.37
11611.5,0.459,9.88,-13.1
11616.6,0.46,9.86,-13.2
11621.6,0.46,9.85,-13.77
11626.6,0.46,9.918,-13.56
11631.6,0.46,9.85,-13.67
11636.6,0.46,9.87,-13.75
11641.6,0.46,9.66,-14.33
11646.6,0.461,9.726,-14.9
11651.7,0.46,9.794,-13.37
11656.8,0.46,9.832,-13
11661.6,0.459,9.908,-12.9
11666.6,0.459,10.108,-11.58
11671.5,0.459,9.974,-12.62
11676.6,0.459,9.794,-14.14
11681.5,0.46,9.564,-16.32
11686.7,0.461,9.736,-14.62
11691.5,0.46,9.574,-15.36
11696.6,0.46,9.736,-14.14
11701.5,0.459,9.784,-13.2
11706.7,0.459,9.812,-13.38
11711.5,0.458,9.784,-13.85
11716.7,0.458,9.794,-14.14
11721.5,0.457,9.802,-13.67
11726.7,0.458,9.85,-12.8
11731.8,0.458,9.832,-13.38
11736.6,0.458,10.052,-11.95
11741.6,0.458,9.678,-14.52
11746.9,0.459,10.014,-12.53
11751.6,0.459,9.918,-13.76
11756.6,0.459,9.888,-12.99
11761.5,0.46,9.64,-15.56
11766.6,0.46,9.698,-14.9
11771.5,0.46,9.812,-14.43
11776.5,0.46,9.812,-13
11781.5,0.459,9.822,-13.28
11786.6,0.459,9.86,-13.37
11791.5,0.459,9.85,-12.72
11796.6,0.458,9.832,-13.19
11801.5,0.458,9.812,-13
11806.6,0.458,9.85,-13.29
11811.5,0.458,10.07,-12.14
11816.6,0.458,9.908,-12.24
11821.5,0.458,9.86,-12.82
11826.6,0.459,9.87,-13.47
11831.5,0.459,9.898,-13.56
11836.7,0.459,9.898,-12.62
11841.4,0.46,9.88,-12.61
11846.6,0.46,9.88,-12.53
11851.5,0.46,9.898,-12.71
11856.6,0.46,10.022,-12.34
11861.5,0.46,10.176,-10.71
11866.5,0.46,10.014,-11.58
11871.4,0.461,9.956,-13.09
11876.5,0.461,9.956,-13.29
11881.5,0.462,9.936,-12.71
11886.6,0.462,9.716,-14.05
11891.4,0.462,9.86,-13.75
11896.8,0.462,9.928,-13.39
11901.4,0.461,9.956,-13.09
11906.6,0.461,9.928,-12.53
11911.4,0.461,9.928,-13.29
11916.9,0.461,9.946,-13.38
11921.5,0.461,9.918,-13.85
11926.5,0.462,9.698,-14.32
11931.4,0.462,9.85,-14.04
11936.5,0.462,9.88,-12.82
11941.4,0.461,9.87,-12.91
11946.5,0.461,9.88,-13.01
11951.7,0.46,9.888,-12.33
11956.5,0.46,9.928,-12.81
11961.4,0.46,10.166,-11.67
11966.5,0.46,10.014,-12.63
11971.4,0.46,9.736,-14.14
11976.5,0.461,9.764,-14.91
11981.5,0.462,9.88,-13.48
11986.6,0.461,9.898,-13.1
11991.4,0.461,9.888,-13.19
11996.5,0.461,9.898,-12.9
12001.5,0.461,9.88,-12.62
12006.5,0.461,9.888,-12.81
12011.4,0.461,9.908,-13.48
12017.6,0.46,9.908,-12.91
12021.4,0.46,9.888,-13.66
12026.5,0.461,9.87,-13.47
12031.5,0.461,9.936,-13.38
12036.5,0.461,9.908,-13.29
12041.5,0.461,9.65,-15.47
12046.4,0.461,9.802,-13.95
12051.4,0.461,9.784,-13.29
12056.5,0.461,9.794,-14.05
12061.4,0.46,9.554,-15.37
12066.6,0.46,9.582,-15.18
12071.3,0.459,9.64,-15.28
12076.5,0.458,9.688,-14.71
12081.3,0.458,9.88,-14.42
12086.9,0.457,9.448,-17.94
12091.4,0.457,9.534,-18.5
12096.5,0.458,9.582,-15.85
12101.4,0.458,9.534,-17.18
12106.6,0.458,9.516,-16.6
12111.3,0.458,9.698,-15.46
12116.4,0.457,9.736,-13.76
12121.3,0.457,9.526,-15.47
12126.4,0.457,9.42,-17.37
12131.4,0.456,9.344,-17.08
12136.4,0.456,9.286,-18.12
12141.4,0.455,9.248,-17.37
12146.5,0.453,9.42,-16.88
12151.4,0.452,9.448,-15.37
12156.5,0.451,9.448,-15.48
12161.4,0.45,9.392,-16.43
12166.5,0.45,9.362,-16.42
12171.4,0.449,9.314,-17.75
12176.4,0.449,9.276,-16.32
12181.4,0.448,9.22,-16.99
12186.5,0.448,9.172,-16.89
12191.4,0.447,9.134,-18.13
12196.4,0.446,9.094,-17.27
12201.3,0.445,9.228,-18.89
12206.5,0.444,9.056,-17.56
12211.3,0.444,9.142,-16.32
12216.4,0.443,9.048,-17.94
12221.3,0.442,8.846,-18.79
12226.4,0.442,9.018,-18.89
12231.3,0.441,8.788,-19.46
12236.7,0.44,8.894,-19.08
12241.3,0.439,8.874,-19.09
12246.4,0.437,8.846,-17.95
12251.5,0.436,8.77,-19.09
12256.5,0.435,8.732,-18.13
12261.3,0.434,8.874,-18.23
12266.4,0.433,8.684,-19.08
12271.3,0.432,8.55,-19.45
12276.4,0.431,8.654,-19.92
12281.3,0.429,8.732,-17.57
12286.4,0.428,8.722,-17.95
12291.3,0.427,8.444,-20.5
12296.4,0.426,8.54,-19.84
12301.3,0.425,8.502,-18.51
12306.4,0.424,8.608,-17.45
12311.3,0.423,8.712,-18.04
12316.4,0.422,8.482,-18.13
12321.5,0.422,8.55,-19.08
12326.4,0.421,8.348,-19.45
12331.6,0.42,8.426,-18.12
12336.4,0.419,8.444,-18.51
12341.3,0.418,8.158,-19.84
12346.4,0.417,8.262,-20.31
12351.2,0.416,8.454,-18.3
12356.4,0.414,8.302,-17.55
12361.2,0.413,8.158,-20.59
12366.4,0.412,8.09,-20.21
12371.2,0.412,7.976,-21.26
12376.3,0.41,8.168,-19.27
12381.2,0.409,8.158,-18.41
12386.4,0.408,8.158,-19.75
12391.2,0.407,8.072,-19.65
12396.3,0.406,8.042,-20.59
12401.2,0.405,7.966,-20.69
12406.6,0.404,7.89,-20.5
12411.2,0.404,7.804,-21.63
12416.3,0.402,7.976,-19.18
12421.2,0.401,7.746,-20.78
12426.7,0.4,7.784,-20.6
12431.4,0.398,7.794,-19.74
12436.3,0.397,7.776,-20.59
12441.2,0.395,7.688,-20.6
12446.3,0.394,7.88,-19.08
12451.2,0.393,7.66,-20.02
12456.3,0.392,7.536,-20.69
12461.2,0.391,7.422,-23.07
12466.3,0.39,7.344,-23.16
12471.2,0.389,7.478,-21.74
12476.3,0.388,7.498,-20.68
12481.3,0.386,7.632,-18.7
12486.5,0.384,7.698,-18.88
12491.2,0.383,7.44,-21.55
12496.3,0.382,7.526,-20.79
12501.2,0.381,7.258,-22.5
12506.3,0.381,7.374,-20.98
12511.2,0.38,7.134,-21.64
12516.3,0.379,7.134,-23.06
12521.2,0.377,7.124,-21.25
12526.3,0.376,7.326,-19.83
12531.2,0.374,7.326,-19.17
12536.3,0.372,7.306,-18.32
12541.2,0.371,7.24,-20.42
12546.3,0.37,7.202,-20.78
12551.4,0.369,7.116,-20.77
12556.3,0.369,6.81,-22.87
12561.2,0.368,6.828,-21.64
12566.3,0.367,6.828,-21.45
12571.1,0.365,6.962,-21.16
12576.3,0.363,7.01,-19.45
12581.2,0.361,6.952,-20.3
12586.3,0.359,7.154,-18.89
12591.3,0.358,6.942,-19.45
12596.2,0.357,6.8,-21.16
12601.1,0.357,6.684,-22.77
12606.3,0.356,6.628,-22.39
12611.1,0.355,6.502,-22.96
12616.4,0.354,6.646,-21.36
12621.2,0.352,6.598,-20.11
12626.3,0.35,6.848,-19.66
12631.4,0.348,6.608,-20.5
12636.6,0.347,6.714,-21.07
12641.1,0.346,6.464,-21.64
12646.3,0.346,6.312,-22.69
12651.2,0.345,6.426,-22.2
12656.2,0.343,6.456,-21.55
12661.1,0.342,6.12,-22.12
12666.3,0.341,6.13,-23.82
12671.1,0.339,6.14,-22.77
12676.2,0.337,6.322,-19.46
12681.1,0.335,6.312,-20.49
12686.3,0.333,6.274,-21.55
12691.1,0.331,6.188,-20.78
12696.2,0.33,6.13,-22.2
12701.1,0.329,6.034,-24.39
12706.2,0.329,6.206,-22.78
12711.2,0.328,5.976,-23.82
12716.3,0.328,6.062,-23.45
12721.1,0.327,5.786,-23.72
12726.2,0.327,5.786,-24.57
12731.1,0.326,5.824,-24.39
12736.2,0.324,6.006,-22.21
12741.1,0.323,5.996,-21.65
12746.2,0.322,6.188,-21.35
12751.1,0.321,5.748,-23.55
12756.2,0.32,5.7,-24.86
12761.1,0.32,5.67,-24.86
12766.2,0.319,5.614,-23.44
12771.1,0.318,5.498,-22.6
12776.2,0.316,5.91,-18.69
12781.1,0.314,5.748,-19.07
12786.2,0.311,5.632,-19.93
12791.1,0.309,5.518,-22.68
12796.2,0.307,5.432,-22.11
12801.0,0.305,5.556,-20.87
12806.2,0.303,5.326,-20.6
12811.1,0.301,5.394,-23.05
12816.2,0.299,5.422,-22.48
12821.1,0.297,5.316,-22.39
12826.5,0.296,5.26,-23.07
12831.1,0.295,5.356,-22.58
12836.1,0.294,5.394,-20.97
12841.2,0.293,5.546,-20.12
12846.2,0.293,5.45,-21.35
12851.2,0.292,5.202,-23.14
12856.2,0.293,4.868,-25.06
12861.0,0.293,5.106,-24.86
12866.2,0.292,4.954,-23.17
12871.0,0.29,4.782,-23.34
12876.2,0.288,4.848,-22.96
12881.0,0.285,4.868,-21.35
12886.2,0.282,5.078,-19.56
12891.1,0.279,4.848,-21.83
12896.1,0.277,4.924,-21.64
12901.0,0.275,4.648,-23.44
12906.2,0.273,4.494,-23.63
12911.1,0.272,4.332,-25.15
12916.1,0.27,4.456,-24.97
12921.1,0.268,4.418,-22.97
12926.1,0.265,4.59,-19.26
12931.3,0.263,4.552,-20.13
12936.1,0.261,4.696,-20.5
12941.0,0.258,4.514,-22.03
12946.1,0.257,4.38,-23.82
12951.0,0.256,4.246,-26.03
12956.1,0.256,4.17,-26.28
12961.0,0.256,4.016,-23.54
12966.1,0.255,4.084,-22.58
12971.0,0.253,4.074,-22.49
12976.1,0.251,4.274,-22.68
12981.0,0.248,4.226,-21.46
12986.2,0.246,4.188,-20.88
12991.0,0.245,3.864,-24.87
12996.3,0.244,3.71,-28.18
13001.0,0.243,3.518,-27.71
13006.1,0.242,3.644,-25.16
13011.0,0.24,3.566,-24.39
13016.4,0.238,4.006,-21.64
13020.9,0.235,4.044,-20.87
13026.2,0.233,4.026,-20.3
13031.0,0.232,3.95,-22.39
13036.1,0.231,3.394,-26.76
13041.0,0.23,3.308,-27.52
13046.2,0.23,3.012,-27.82
13050.9,0.228,3.012,-26.48
13056.1,0.225,3.318,-23.61
13060.9,0.222,3.5,-20.69
13066.0,0.218,3.758,-18.7
13071.0,0.215,3.748,-18.98
13076.1,0.213,3.49,-22.87
13081.1,0.212,3.07,-26.48
13086.1,0.212,2.85,-27.99
13090.9,0.212,2.658,-27.91
13096.1,0.211,2.81,-26.09
13101.3,0.208,2.964,-22.69
13106.1,0.205,2.984,-22.39
13111.0,0.202,3.346,-20.03
13116.0,0.199,3.28,-19.93
13121.0,0.197,3.156,-23.36
13126.0,0.197,2.84,-26.08
13131.0,0.197,2.41,-28.93
13136.1,0.197,2.4,-27.14
13140.9,0.196,2.324,-26.38
13146.0,0.194,2.476,-24.38
13151.0,0.191,2.898,-21.25
13156.3,0.187,3.07,-18.5
13160.9,0.185,3.04,-19.85
13166.0,0.183,2.754,-22.67
13171.0,0.183,2.6,-25.63
13176.0,0.183,2.256,-28.37
13181.0,0.183,1.788,-29.51
13186.3,0.182,2.018,-26.48
13190.9,0.181,2.256,-22.59
13196.0,0.178,2.572,-20.31
13200.9,0.174,2.582,-19.26
13206.3,0.171,2.83,-19.07
13210.9,0.17,2.84,-19.36
13216.0,0.169,2.38,-22.21
13220.9,0.169,1.874,-27.72
13225.9,0.169,1.644,-30.57
13231.0,0.169,1.712,-28.27
13236.1,0.168,1.922,-23.9
13240.9,0.166,2.132,-20.4
13245.9,0.163,2.448,-17.36
13250.9,0.16,2.706,-17.07
13256.0,0.158,2.61,-18.03
13260.9,0.157,2.266,-22.58
13266.1,0.157,1.854,-25.43
13271.0,0.157,1.854,-24.58
13276.0,0.157,1.376,-27.24
13280.9,0.157,1.53,-26.29
13286.0,0.155,1.578,-22.67
13291.3,0.153,1.988,-19.64
13296.1,0.15,2.122,-17.55
13300.9,0.148,2.352,-15.85
13306.0,0.145,2.458,-16.03
13310.9,0.144,2.198,-20.31
13316.0,0.144,1.836,-23.53
13320.8,0.144,1.386,-26.75
13326.0,0.145,1.186,-27.89
13330.9,0.145,1.262,-25.25
13336.0,0.144,1.472,-20.21
13340.8,0.142,1.95,-17.46
13346.0,0.139,1.922,-17.07
13350.9,0.137,2.056,-18.31
13356.0,0.135,1.922,-19.25
13360.8,0.134,1.778,-20.59
13366.0,0.134,1.452,-22.29
13370.9,0.134,1.262,-24.76
13376.4,0.134,1.156,-24.76
13380.9,0.133,1.28,-22.48
13386.1,0.132,1.53,-19.26
13390.8,0.13,1.568,-17.27
13395.9,0.129,1.826,-16.51
13400.8,0.127,1.616,-17.74
13406.0,0.126,1.51,-20.78
13410.8,0.125,1.204,-24.2
13415.8,0.124,1.042,-24.96
13420.8,0.123,0.908,-25.23
13425.9,0.123,1.06,-22.49
13430.8,0.122,1.022,-20.68
13435.8,0.12,1.444,-16.79
13440.9,0.118,1.596,-16.4
13445.9,0.117,1.624,-17.36
13451.0,0.115,1.376,-20.31
13455.9,0.115,1.004,-24.09
13461.1,0.114,0.774,-25.34
13466.0,0.114,0.668,-25.03
13470.8,0.114,0.544,-24.08
13475.9,0.113,0.956,-19.34
13480.9,0.111,1.042,-18.96
13486.0,0.109,1.262,-18.31
13490.8,0.107,1.09,-20.2
13495.9,0.106,1.232,-20.1
13500.9,0.105,0.792,-22.86
13505.9,0.104,0.812,-23.33
13510.8,0.104,0.544,-24.55
13515.9,0.104,0.62,-23.14
13520.8,0.103,0.812,-20.78
13526.2,0.102,0.658,-21.15
13530.8,0.101,0.736,-21.04
13535.9,0.1,0.764,-20
13540.8,0.098,0.956,-19.05
13546.3,0.097,0.774,-19.25
13550.8,0.096,0.64,-21.72
13555.9,0.096,0.592,-21.05
13560.7,0.095,0.516,-21.15
13566.0,0.094,0.43,-22.28
13570.7,0.093,0.324,-23.71
13575.8,0.092,0.276,-22.94
13580.8,0.091,0.458,-21.91
13585.9,0.089,0.726,-18.21
13590.8,0.088,0.582,-19.05
13595.9,0.087,0.716,-19.14
13600.8,0.086,0.726,-19.53
13605.8,0.085,0.478,-20.85
13610.9,0.084,0.324,-22.95
13615.8,0.084,0.258,-22.66
13620.7,0.083,0.142,-22.56
13625.7,0.083,0.038,-22.83
13631.1,0.082,0.276,-20.97
13635.8,0.081,0.306,-19.62
13640.7,0.079,0.526,-17.54
13645.7,0.078,0.612,-17.45
13650.8,0.077,0.334,-20.01
13655.8,0.076,0.2,-21.15
13660.7,0.075,0.046,-23.02
13665.8,0.075,0.038,-22.49
13670.7,0.074,0.046,-21.71
13675.9,0.073,0.038,-21.03
13680.8,0.072,0.038,-20.14
13686.0,0.071,0.038,-20.06
13690.7,0.07,0.314,-19.16
13695.9,0.069,0.392,-17.35
13700.8,0.068,0.382,-17.64
13705.8,0.067,0.038,-19.25
13710.8,0.066,0.056,-22.16
13716.1,0.066,0.038,-21.72
13720.8,0.065,0.028,-20.32
13725.8,0.065,0.038,-20.41
13730.7,0.064,-0.038,-19.89
13735.8,0.064,0.038,-18.84
13740.7,0.063,0.038,-19.28
13745.8,0.062,0.028,-18.05
13750.7,0.062,0.038,-17.46
13755.8,0.061,0.038,-19.03
13760.7,0.06,0.018,-18.25
13765.8,0.059,0,-17.88
13770.7,0.058,-0.086,-19.3
13775.8,0.057,-0.152,-19.36
13780.9,0.057,-0.228,-22.42
13785.8,0.056,-0.276,-22.24
13790.7,0.055,-0.104,-18.51
13795.8,0.055,-0.306,-21.01
13801.1,0.054,0.028,-17.55
13805.8,0.053,-0.008,-17.36
13810.6,0.053,0.038,-18.85
13815.9,0.052,-0.046,-18.24
13820.6,0.052,-0.172,-20.67
13825.8,0.051,-0.238,-20.16
13830.7,0.051,-0.306,-19.89
13835.6,0.051,-0.352,-20.66
13840.6,0.051,-0.43,-20.76
13845.7,0.05,-0.218,-18.84
13850.7,0.049,-0.42,-19.19
13855.7,0.048,-0.306,-20.25
13860.6,0.047,-0.018,-16.34
13865.8,0.046,-0.2,-17.9
13870.6,0.046,-0.306,-19.55
13875.7,0.045,-0.582,-22.48
13880.7,0.045,-0.516,-21.11
13886.2,0.044,-0.726,-20.06
13890.6,0.043,-0.64,-19.55
13895.7,0.042,-0.362,-18.93
13900.6,0.041,-0.324,-16.07
13905.7,0.04,-0.306,-17.2
13910.7,0.039,-0.344,-16.6
13915.7,0.038,-0.612,-19.45
13920.6,0.037,-0.746,-21.19
13925.7,0.036,-0.802,-24.04
13930.7,0.036,-0.87,-23.09
13935.8,0.035,-0.706,-21.71
13940.6,0.034,-0.438,-17.46
13945.7,0.034,-0.324,-17.19
13950.7,0.033,-0.306,-17.35
13955.8,0.033,-0.572,-19.98
13960.7,0.033,-0.668,-22.85
13965.7,0.033,-0.764,-22.59
13970.6,0.033,-0.832,-22.77
13975.8,0.033,-0.878,-19.9
13980.6,0.032,-0.936,-21.78
13985.7,0.032,-0.544,-17.29
13991.0,0.031,-0.572,-16.94
13995.7,0.03,-0.64,-18.22
14000.6,0.029,-0.478,-16.5
14005.7,0.029,-0.878,-21.98
14010.5,0.028,-0.84,-21.37
14015.7,0.027,-1.07,-21.63
14020.6,0.027,-0.956,-21.97
14025.5,0.026,-0.918,-18.5
14030.6,0.025,-0.746,-17.54
14035.7,0.025,-0.658,-16.94
14040.6,0.024,-0.658,-16.5
14045.6,0.023,-0.658,-17.36
14050.6,0.022,-0.63,-17.8
14055.7,0.021,-0.84,-18.92
14060.5,0.021,-0.966,-21.64
14065.7,0.021,-1.042,-19.55
14070.5,0.021,-0.898,-18.68
14076.0,0.02,-1.052,-19.2
14080.6,0.02,-0.706,-15.18
14085.8,0.019,-0.554,-13.45
14090.6,0.018,-0.266,-13.99
14095.7,0.017,-0.42,-13.73
14100.5,0.017,-0.496,-15.81
14105.6,0.017,-0.784,-18.41
14110.6,0.017,-0.936,-18.25
14115.6,0.018,-1.012,-18.67
14120.5,0.018,-0.86,-17.29
14125.7,0.017,-0.832,-15.89
14130.5,0.017,-0.87,-16.94
14135.6,0.016,-0.64,-17.28
14140.6,0.016,-0.832,-18.5
14145.6,0.015,-0.688,-17.87
14150.6,0.015,-0.908,-19.45
